time,open,high,low,close,volume
2018-09-25,985.57,988.16,980.58,985.11,53103760
2018-09-26,982.93,989.4,980.87,984.39,60311360
2018-09-27,985.28,991.56,984.36,989.45,51372600
2018-09-28,993.02,996.52,990.59,994.73,89440260
2018-10-01,994.76,1000.57,990.16,990.41,81255010
2018-10-02,988.7,992.51,984.58,987.88,66203650
2018-10-03,989.2,992.82,986.38,990.6,57100270
2018-10-04,990.49,993.66,989.13,993.61,74038630
2018-10-05,993.61,993.61,980.75,980.75,74563800
2018-10-08,979.27,979.27,968.9,970.28,71307590
2018-10-09,971.26,974.16,966.68,967.37,63817220
2018-10-10,967.37,970.36,961.79,966.27,63521280
2018-10-11,948.02,948.02,912.02,920.02,136876030
2018-10-12,915.87,943.49,909.04,943.49,78654890
2018-10-15,964.55,943.51,927.75,928.55,41833000
2018-10-16,928.46,939.41,927.1,939.41,42663640
2018-10-17,940.29,949.26,940.29,945.91,51482610
2018-10-18,944.29,945.08,936.58,937.54,45079700
2018-10-19,925.66,932.56,920.29,931.69,47143040
2018-10-22,933.98,937.98,922.75,922.75,41144780
2018-10-23,919.02,919.09,893.86,908.0,72791480
2018-10-24,908.0,909.35,896.5,896.5,48110900
2018-10-25,864.32,889.73,860.13,888.86,56983320
2018-10-26,897.21,897.21,881.06,881.06,45672420
2018-10-29,878.35,881.63,870.68,874.43,41645700
2018-10-30,869.28,881.65,868.91,874.06,37875270
2018-10-31,874.06,901.57,874.06,901.57,60484190
2018-11-01,874.06,901.57,874.06,887.72,39445040
2018-11-02,874.06,905.55,874.06,903.43,55629860
2018-11-05,903.24,904.83,895.05,904.83,33823220
2018-11-06,909.19,909.19,899.61,899.61,37075370
2018-11-07,901.59,903.01,892.88,899.25,45544000
2018-11-08,906.31,909.69,899.7,900.4,31118060
2018-11-09,900.14,900.14,885.65,885.65,38609740
2018-11-12,881.08,888.81,875.29,888.2,33821800
2018-11-13,875.57,879.29,874.7,875.73,19867610
2018-11-14,874.07,880.21,868.74,871.55,46154090
2018-11-15,871.78,874.78,859.86,864.98,42382820
2018-11-16,866.94,874.82,864.0,869.24,40658870
2018-11-19,869.24,888.76,869.24,888.76,39845470
2018-11-20,885.0,893.09,884.34,893.09,43543750
2018-11-21,883.31,897.1,881.68,897.1,38917250
2018-11-22,899.2,900.7,896.18,898.9,39224680
2018-11-23,897.57,899.3,889.78,890.62,37254570
2018-11-26,889.62,896.0,886.91,895.05,25039270
2018-11-27,896.93,903.45,893.98,895.3,32748380
2018-11-28,894.52,901.4,894.3,901.4,29503510
2018-11-29,901.48,910.43,897.58,897.58,40276100
2018-11-30,897.48,898.64,890.54,894.79,54625390
2018-12-03,896.5,921.72,896.5,921.72,63629050
2018-12-04,921.74,929.03,920.37,927.46,52507190
2018-12-05,927.39,928.83,915.9,925.68,61081880
2018-12-06,922.07,928.31,916.78,922.86,55213240
2018-12-07,924.82,933.24,924.12,929.59,51431880
2018-12-10,928.96,928.96,921.8,922.82,48776970
2018-12-11,922.58,925.35,915.91,922.34,43565480
2018-12-12,922.41,927.7,922.41,927.7,37560590
2018-12-13,928.21,935.32,928.17,928.9,46592070
2018-12-14,928.06,928.39,918.22,918.79,48405980
2018-12-17,914.02,914.02,901.41,901.41,47291390
2018-12-18,887.09,894.14,882.14,890.68,52306770
2018-12-19,889.93,891.69,878.1,882.79,52148460
2018-12-20,880.4,883.74,876.15,877.03,38045070
2018-12-21,870.42,876.3,867.19,873.09,45669710
2018-12-24,870.42,879.72,867.19,873.64,31104560
2018-12-25,870.42,879.72,850.52,865.69,51475970
2018-12-26,870.42,879.72,850.52,861.02,32704590
2018-12-27,870.42,879.72,850.52,865.45,35751060
2018-12-28,870.42,872.62,854.99,854.99,38254570
2019-01-02,870.42,872.62,853.59,855.66,34100240
2019-01-03,855.2,856.2,834.81,838.79,50053420
2019-01-04,836.6,842.02,822.32,840.17,37439840
2019-01-07,843.95,858.58,843.95,851.41,30671600
2019-01-08,852.51,852.91,841.88,845.43,27923540
2019-01-09,847.58,856.87,845.25,855.51,37200330
2019-01-10,855.57,859.9,853.07,857.95,32827000
2019-01-11,857.84,862.88,857.84,860.3,34662900
2019-01-14,859.83,860.02,854.88,859.42,32413030
2019-01-15,859.15,865.2,856.04,865.1,33588140
2019-01-16,865.1,868.38,861.18,864.29,33032340
2019-01-17,864.06,864.14,853.34,853.34,31743610
2019-01-18,855.5,859.95,853.73,854.79,28302650
2019-01-21,856.68,865.46,856.44,864.1,46174530
2019-01-22,864.45,865.76,859.17,859.17,36096510
2019-01-23,858.0,864.83,857.1,861.76,31265890
2019-01-24,861.04,866.35,861.04,865.52,35100380
2019-01-25,865.94,869.53,865.72,867.7,34851070
2019-01-28,867.6,871.56,865.95,868.76,24718870
2019-01-29,870.48,872.03,863.23,872.03,30044560
2019-01-30,871.18,871.72,867.92,869.16,33258320
2019-01-31,873.05,874.0,864.66,866.06,46946380
2019-02-01,867.61,867.98,859.38,859.81,41898560
2019-02-11,862.2,878.67,862.2,878.67,39935410
2019-02-12,881.7,890.14,879.32,888.33,62154530
2019-02-13,888.63,897.42,888.38,897.42,65644140
2019-02-14,897.52,904.11,897.52,900.12,50274750
2019-02-15,900.14,903.09,895.2,897.74,50970670
2019-02-18,900.6,904.93,899.76,904.93,51220040
2019-02-19,907.21,915.3,906.85,907.82,78092810
2019-02-20,907.34,913.51,906.75,911.8,53104240
2019-02-21,912.32,926.09,911.54,926.09,63245360
2019-02-22,920.91,934.35,920.78,929.5,74937950
2019-02-25,929.57,943.97,929.57,939.47,68474130
2019-02-26,937.14,941.41,923.16,929.51,58439700
2019-02-27,931.74,935.42,928.59,930.54,54958520
2019-02-28,930.49,930.49,904.98,904.98,71562220
2019-03-01,908.85,915.47,908.29,915.32,39636310
2019-03-04,916.27,929.28,916.27,928.42,51481790
2019-03-05,926.47,931.23,922.09,923.66,56228360
2019-03-06,923.66,926.31,916.89,923.58,36434210
2019-03-07,923.77,930.79,922.29,922.29,51391120
2019-03-08,922.16,922.16,913.43,914.74,41836570
2019-03-11,915.0,918.5,911.88,916.24,32014260
2019-03-12,921.02,929.86,920.12,929.86,59909910
2019-03-13,929.86,939.09,929.86,935.41,72240930
2019-03-14,935.41,937.72,931.36,935.62,46883920
2019-03-15,932.48,932.55,924.67,927.06,72931340
2019-03-18,929.16,935.09,929.16,932.75,61794930
2019-03-19,933.56,935.63,924.91,927.56,56478250
2019-03-20,926.16,926.16,914.87,924.12,59408870
2019-03-21,924.71,928.28,907.87,907.87,53919570
2019-03-22,910.51,914.58,906.64,912.27,46663850
2019-03-25,911.51,911.51,889.2,893.4,53507330
2019-03-26,893.78,901.72,892.51,894.58,38004810
2019-03-27,899.35,903.35,896.58,901.76,32702110
2019-03-28,899.08,903.84,898.18,901.65,31095800
2019-03-29,901.65,906.82,900.13,900.13,45013980
2019-04-01,901.0,905.87,901.0,905.87,40144870
2019-04-02,911.04,912.86,902.74,903.59,35223770
2019-04-03,903.59,903.59,897.75,901.5,34513830
2019-04-04,902.07,906.2,901.03,904.33,32078960
2019-04-05,904.11,905.67,902.77,904.69,30171520
2019-04-08,904.92,907.14,901.22,906.55,33275430
2019-04-09,908.59,908.79,899.59,900.07,42510820
2019-04-10,896.08,898.94,887.79,893.19,34637240
2019-04-11,895.0,896.67,892.62,896.04,24748350
2019-04-12,895.95,895.95,891.71,893.1,27813000
2019-04-16,893.1,893.1,877.76,887.76,36537920
2019-04-17,889.67,891.63,885.64,885.66,34638940
2019-04-18,884.18,887.44,877.02,877.02,39355710
2019-04-19,881.91,884.75,879.62,880.52,26150620
2019-04-22,880.9,880.9,873.7,878.23,34285820
2019-04-23,876.2,881.54,875.12,878.29,37895280
2019-04-24,879.63,889.02,879.37,888.65,35004620
2019-04-25,888.29,888.29,883.72,885.65,29184040
2019-04-26,884.4,890.69,882.87,890.55,34567810
2019-05-02,892.11,893.87,889.61,893.87,36439930
2019-05-03,893.8,895.66,889.2,895.42,47857200
2019-05-06,886.39,886.39,875.71,878.8,41223290
2019-05-07,882.39,885.14,876.18,877.02,36430910
2019-05-08,869.81,874.79,867.21,872.78,38545850
2019-05-09,871.86,875.74,868.79,871.5,39316830
2019-05-10,874.91,877.59,872.27,876.45,34857290
2019-05-13,876.38,879.64,874.68,879.64,37914590
2019-05-14,878.74,882.67,876.29,882.67,39065320
2019-05-15,884.13,893.68,884.13,893.22,46181060
2019-05-16,893.7,896.24,891.93,891.93,39252920
2019-05-17,891.46,893.44,888.6,890.53,40028260
2019-05-20,896.98,901.06,896.57,901.06,42542890
2019-05-21,903.23,907.64,901.09,901.36,43008810
2019-05-22,901.94,906.91,897.57,897.66,43386130
2019-05-23,895.58,899.02,892.23,895.07,30514000
2019-05-24,889.51,898.24,884.48,884.48,44872700
2019-05-27,884.1,889.31,884.1,889.2,29654840
2019-05-28,889.57,891.61,883.56,885.27,30927150
2019-05-29,885.81,886.89,882.1,883.52,33829930
2019-05-30,883.13,888.65,879.76,883.37,29873700
2019-05-31,883.53,884.75,875.77,876.29,34297640
2019-06-03,875.64,875.64,860.91,864.08,51473370
2019-06-04,864.43,868.66,858.08,864.35,32528920
2019-06-05,870.22,871.83,863.69,863.69,27109050
2019-06-06,863.89,865.04,851.65,861.31,38238280
2019-06-07,863.15,869.56,862.84,869.56,33454350
2019-06-10,874.7,877.38,866.94,872.49,44465190
2019-06-11,872.58,874.24,870.14,870.91,29455250
2019-06-12,870.49,871.64,865.42,865.42,32449060
2019-06-13,863.85,864.44,857.86,859.68,32318410
2019-06-14,859.41,864.28,859.41,861.65,34401390
2019-06-17,860.74,862.15,851.59,852.99,40074050
2019-06-18,852.62,853.87,845.75,848.17,42999880
2019-06-19,851.92,854.49,851.07,854.34,39852300
2019-06-20,854.9,867.91,853.96,864.59,53355700
2019-06-21,864.59,870.35,864.44,866.53,72303640
2019-06-24,854.21,873.33,868.21,868.94,40701190
2019-06-25,854.21,870.22,866.3,868.5,38482520
2019-06-26,854.21,870.32,866.6,866.81,41570560
2019-06-27,854.21,865.88,854.41,854.41,44966190
2019-06-28,854.21,864.24,848.53,864.24,43760910
2019-07-01,854.21,876.28,867.86,876.26,49225200
2019-07-02,876.44,877.02,870.79,872.92,38741880
2019-07-03,872.92,872.92,865.84,869.58,42594210
2019-07-04,869.58,879.72,869.58,879.72,49311640
2019-07-05,879.74,882.09,876.41,880.23,41267320
2019-07-08,877.12,877.19,867.35,870.92,44396550
2019-07-09,869.82,872.52,866.32,872.21,41064380
2019-07-10,872.2,878.24,872.2,876.12,41858640
2019-07-11,879.31,880.88,876.82,879.1,39213260
2019-07-12,881.1,883.03,874.99,874.99,46827980
2019-07-15,881.1,876.73,870.99,873.71,42053110
2019-07-16,873.74,880.91,873.74,880.91,48665170
2019-07-17,880.69,882.82,877.59,879.75,59853640
2019-07-18,879.35,879.35,870.81,870.81,44968100
2019-07-19,870.97,880.79,870.97,880.79,63926250
2019-07-22,880.49,885.39,878.57,879.62,48837900
2019-07-23,879.33,888.76,878.28,888.26,48223670
2019-07-24,888.63,892.81,885.75,887.39,46413440
2019-07-25,887.39,892.2,885.19,890.41,54563440
2019-07-26,889.67,891.83,886.2,887.84,45307890
2019-07-29,889.0,889.89,881.11,888.54,44918580
2019-07-30,888.7,892.22,877.92,877.92,44932360
2019-07-31,876.32,884.47,874.43,883.19,43400530
2019-08-01,883.6,887.39,881.52,887.39,41754860
2019-08-02,880.65,885.94,877.86,885.29,54739360
2019-08-05,882.91,884.07,872.39,872.39,53465930
2019-08-06,870.82,870.82,858.02,866.13,52907240
2019-08-07,866.76,871.93,863.7,868.27,40017410
2019-08-08,868.26,876.82,866.71,875.81,58877170
2019-08-09,875.81,880.29,874.51,878.62,46667200
2019-08-12,879.03,883.41,877.33,882.23,44745840
2019-08-13,882.23,882.23,875.34,877.97,59070490
2019-08-14,880.04,886.77,880.04,880.51,44297320
2019-08-15,869.85,890.78,867.95,890.78,50395380
2019-08-16,890.0,899.91,887.28,892.44,70252830
2019-08-19,894.79,897.0,889.39,891.78,39311010
2019-08-20,891.73,894.59,891.08,894.45,41244380
2019-08-21,893.83,901.24,892.05,900.54,56164360
2019-08-22,901.28,904.41,899.72,901.29,46933460
2019-08-23,901.37,902.38,897.02,900.53,49584900
2019-08-26,899.1,899.1,887.12,892.48,65313090
2019-08-27,892.48,899.21,886.91,886.91,59291850
2019-08-28,887.36,890.54,885.32,886.08,41622640
2019-08-29,885.84,889.13,882.21,889.13,42613720
2019-08-30,889.04,893.41,889.04,892.51,40839960
2019-09-03,892.51,894.11,886.74,888.97,45768490
2019-09-04,888.48,890.19,883.96,887.12,41234740
2019-09-05,887.21,891.36,886.1,886.1,42074670
2019-09-06,885.9,889.49,884.92,885.95,40543850
2019-09-09,885.95,887.0,883.43,885.61,37164220
2019-09-10,886.83,888.5,881.12,883.04,46274080
2019-09-11,882.77,886.09,881.34,885.52,34851830
2019-09-12,887.76,894.32,887.76,894.32,48192160
2019-09-13,895.34,905.31,893.86,905.05,67622020
2019-09-16,905.0,909.7,902.99,908.6,52499530
2019-09-17,907.88,912.75,904.54,912.38,49773900
2019-09-18,912.37,915.01,911.14,913.48,64916030
2019-09-19,913.4,918.88,909.88,918.88,57544160
2019-09-20,918.88,920.77,914.7,915.16,72085600
2019-09-23,916.15,918.39,909.98,909.98,63685170
2019-09-24,909.18,914.0,908.14,910.76,50415610
2019-09-25,910.37,912.74,906.74,912.42,51189520
2019-09-26,912.65,918.1,911.64,918.1,61815870
2019-09-27,919.43,925.5,918.05,924.83,64121740
2019-09-30,924.83,930.8,922.83,922.89,63284690
2019-10-01,922.87,926.31,921.77,926.31,59813890
2019-10-02,925.44,927.43,918.16,919.73,69144140
2019-10-03,919.63,921.7,911.6,921.7,63663830
2019-10-04,921.7,924.27,915.16,915.16,62008430
2019-10-07,916.51,917.25,907.5,907.5,60836700
2019-10-08,907.5,915.3,906.88,915.27,65243600
2019-10-09,915.38,917.88,912.79,914.54,62566710
2019-10-10,914.73,916.97,912.57,913.05,54842380
2019-10-11,913.84,917.01,912.95,916.68,61846270
2019-10-14,916.9,924.52,916.9,921.91,81662930
2019-10-15,921.65,924.61,920.73,923.27,55003840
2019-10-16,924.99,927.82,923.66,924.64,55092660
2019-10-17,924.13,924.68,919.1,919.1,65013550
2019-10-18,919.1,922.47,917.12,919.13,57605110
2019-10-21,918.01,918.65,914.0,914.0,63505800
2019-10-22,914.14,917.45,912.75,916.81,59083710
2019-10-23,916.76,919.61,915.97,919.61,55202580
2019-10-24,920.35,925.25,919.22,925.25,59252900
2019-10-25,925.49,927.05,923.58,927.05,56303260
2019-10-28,928.01,929.89,925.97,925.97,60005810
2019-10-29,925.73,928.38,923.97,923.97,59000930
2019-10-30,924.68,928.84,922.86,925.07,56666560
2019-10-31,926.54,928.8,922.17,922.68,63154480
2019-11-01,923.76,934.21,923.56,933.55,76837110
2019-11-04,933.96,941.42,932.36,940.25,87334540
2019-11-05,941.25,943.19,938.73,942.34,71492500
2019-11-06,941.7,945.43,940.76,942.38,75016380
2019-11-07,942.23,945.22,940.23,944.25,76226210
2019-11-08,944.28,948.09,942.19,944.7,74207740
2019-11-11,944.72,946.37,939.0,939.72,80097000
2019-11-12,939.72,942.55,937.96,939.82,66245180
2019-11-13,939.82,940.88,931.28,932.6,76758480
2019-11-14,932.45,935.67,927.53,928.44,78620440
2019-11-15,929.14,930.61,922.6,927.36,66130230
2019-11-18,927.49,929.17,920.52,920.95,69835800
2019-11-19,920.96,926.07,920.05,926.07,63691480
2019-11-20,926.67,926.67,917.0,917.0,72569190
2019-11-21,917.0,917.0,898.23,898.23,83040690
2019-11-22,905.89,906.93,885.83,892.31,82099050
2019-11-25,892.31,896.43,887.02,894.8,63815430
2019-11-26,895.36,900.56,895.36,897.5,68546970
2019-11-27,898.96,900.95,895.06,895.06,58427250
2019-11-28,893.15,895.27,883.33,885.7,69367550
2019-11-29,886.46,888.36,882.85,887.47,60328840
2019-12-02,887.47,889.37,875.1,875.1,76462740
2019-12-03,873.42,877.85,865.74,868.68,77467050
2019-12-04,868.34,883.56,865.46,883.56,74534040
2019-12-05,883.33,886.35,878.51,879.32,61676770
2019-12-06,877.4,882.36,875.99,880.43,60752790
2019-12-09,880.16,882.41,876.25,879.94,64151210
2019-12-10,879.15,880.18,870.3,873.16,72499410
2019-12-11,873.16,878.27,869.27,878.27,66716030
2019-12-12,878.27,885.73,878.27,884.8,57447090
2019-12-13,884.98,888.34,880.55,880.55,65816420
2019-12-16,878.88,879.64,874.07,876.65,67010160
2019-12-17,876.57,877.63,867.21,867.44,72408090
2019-12-18,865.5,867.62,861.27,863.16,69570980
2019-12-19,863.16,867.24,858.77,862.23,68010500
2019-12-20,862.41,869.42,862.38,868.37,69391620
2019-12-23,871.63,872.74,868.2,868.2,72189520
2019-12-24,867.98,869.88,864.88,869.88,57924660
2019-12-25,869.99,874.93,869.28,873.18,53692380
2019-12-26,872.55,874.79,869.63,872.07,40379950
2019-12-27,871.82,876.38,868.21,876.38,26809950
2019-12-30,876.61,881.24,876.42,880.29,33522140
2019-12-31,881.25,881.97,877.12,879.06,44433790
2020-01-02,879.02,886.88,876.87,886.88,50389450
2020-01-03,887.11,890.38,883.18,883.28,43220590
2020-01-06,882.51,882.51,872.34,872.34,36868840
2020-01-07,872.32,877.34,870.49,876.7,40277740
2020-01-08,876.64,876.64,861.51,865.18,53101180
2020-01-09,877.47,878.43,865.18,877.76,45705720
2020-01-10,877.85,888.09,877.7,885.52,72856040
2020-01-13,885.52,885.52,881.35,881.79,32553390
2020-01-14,881.77,886.83,880.58,884.77,50679260
2020-01-15,884.95,886.33,882.79,885.36,35671150
2020-01-16,885.36,892.2,883.83,891.96,63476010
2020-01-17,891.66,897.63,891.36,894.84,48879990
2020-01-20,894.6,897.4,891.75,897.4,39722470
2020-01-21,897.97,907.51,897.4,906.52,57331520
2020-01-22,906.52,909.41,903.27,909.09,51710960
2020-01-30,908.2,909.09,870.53,875.82,80136320
2020-01-31,875.43,876.59,848.63,848.63,83267610
2020-02-03,848.42,848.63,803.73,842.67,91769740
2020-02-04,842.79,849.8,833.93,845.52,73132220
2020-02-05,845.65,854.72,840.41,845.31,63586260
2020-02-06,845.38,862.86,842.68,862.86,97615310
2020-02-07,862.71,865.91,858.02,863.49,72831920
2020-02-10,863.28,863.49,848.21,852.87,46861970
2020-02-11,853.09,859.38,852.87,856.39,70070560
2020-02-12,856.64,870.1,856.64,863.23,80775330
2020-02-13,862.72,864.79,858.46,864.16,58430270
2020-02-14,865.03,868.84,863.14,865.86,74645390
2020-02-17,865.83,867.45,862.75,866.27,58437180
2020-02-18,866.06,866.61,858.61,861.71,60234370
2020-02-19,860.23,865.4,859.65,863.84,52573160
2020-02-20,864.0,872.86,864.0,871.4,59013520
2020-02-21,871.49,877.52,868.59,868.89,66759070
2020-02-24,867.56,868.89,837.4,837.4,95170340
2020-02-25,836.54,849.58,827.81,849.58,69289070
2020-02-26,849.56,849.58,837.52,841.68,54642970
2020-02-27,841.19,849.18,836.56,848.34,55423910
2020-02-28,844.02,848.34,823.09,831.97,69885780
2020-03-02,831.25,837.99,827.23,835.42,69305330
2020-03-03,835.14,846.21,835.14,837.99,64175180
2020-03-04,838.02,839.26,831.2,837.99,52991210
2020-03-05,838.93,846.58,836.32,839.12,67022900
2020-03-06,838.77,839.12,827.12,835.97,53908060
2020-03-09,835.65,835.65,781.12,782.85,107131850
2020-03-10,782.85,794.88,762.34,789.51,90062880
2020-03-11,789.75,795.98,746.83,758.16,99250550
2020-03-12,757.9,757.9,710.33,719.21,113236020
2020-03-13,687.38,722.3,674.36,716.65,113472590
2020-03-16,716.65,716.65,688.8,698.18,74029820
2020-03-17,698.0,702.36,673.21,699.73,80439940
2020-03-18,699.73,705.3,695.42,700.65,77434820
2020-03-19,699.35,700.65,669.04,679.55,73193700
2020-03-20,679.78,683.55,668.9,673.7,81174090
2020-03-23,671.05,671.05,628.46,632.86,81061380
2020-03-24,632.63,633.97,619.07,625.43,85901840
2020-03-25,625.83,652.31,625.43,652.31,86267230
2020-03-26,651.94,655.06,639.02,646.7,74094650
2020-03-27,646.61,649.17,633.41,642.23,102644660
2020-03-30,641.92,642.23,605.0,613.02,81044380
2020-03-31,613.33,629.08,598.6,610.76,77472420
2020-04-01,609.35,631.6,606.03,628.79,73251500
2020-04-03,630.37,649.15,630.37,649.15,84127900
2020-04-06,649.15,682.65,649.15,682.65,127163130
2020-04-07,682.65,695.45,677.03,693.61,117080630
2020-04-08,693.66,693.66,675.26,691.17,76666570
2020-04-09,691.17,704.18,691.17,700.32,101418610
2020-04-10,697.9,701.77,687.18,695.74,146864700
2020-04-13,695.84,714.58,695.84,706.37,82299370
2020-04-14,706.37,713.81,699.03,713.81,94916160
2020-04-15,714.39,726.2,713.81,722.8,91992100
2020-04-16,721.73,726.71,714.52,726.57,72703140
2020-04-17,727.51,736.17,726.57,734.98,100568910
2020-04-20,736.1,742.27,729.52,736.31,99010230
2020-04-21,734.14,736.31,702.61,706.65,128951820
2020-04-22,706.54,718.62,692.03,714.42,86106800
2020-04-23,718.83,729.99,715.62,717.49,63426140
2020-04-24,717.49,725.52,711.14,725.05,64551610
2020-04-27,724.14,735.28,719.66,719.66,81802970
2020-04-28,719.45,721.73,711.84,715.74,64778960
2020-04-29,715.74,719.18,713.62,715.33,69755970
2020-05-04,714.9,716.05,706.47,709.35,65868010
2020-05-05,710.22,714.59,707.49,711.01,48703130
2020-05-06,711.34,725.94,709.77,725.94,77213190
2020-05-07,726.17,739.98,725.94,739.98,82601000
2020-05-08,740.14,773.22,739.98,760.15,146260040
2020-05-11,760.86,777.13,760.15,777.13,107514590
2020-05-12,777.35,783.77,766.7,782.45,104564430
2020-05-13,781.85,788.06,760.2,783.69,122448880
2020-05-14,783.69,785.1,773.62,780.73,86237430
2020-05-15,780.73,785.26,771.25,773.95,80443320
2020-05-18,773.95,787.27,770.61,787.27,81990780
2020-05-19,787.53,808.17,787.53,799.31,119339160
2020-05-20,797.27,803.35,793.75,803.32,97443060
2020-05-21,803.57,815.55,802.49,815.55,134973200
2020-05-22,815.51,815.55,802.82,803.14,95158480
2020-05-25,803.35,809.12,799.23,807.25,81739940
2020-05-26,807.55,815.96,807.55,815.01,101929820
2020-05-27,816.04,821.36,801.36,801.36,119115010
2020-05-28,801.38,810.43,800.16,804.06,91471520
2020-05-29,804.0,808.83,801.46,806.23,76808710
2020-06-01,806.44,821.47,806.44,821.47,176781350
2020-06-02,821.89,827.11,818.12,818.7,147384620
2020-06-03,819.02,824.54,818.33,824.29,89255290
2020-06-04,827.85,831.49,823.51,823.77,135464800
2020-06-05,823.46,826.47,818.33,826.47,147686540
2020-06-08,826.79,845.63,826.47,838.52,155914950
2020-06-09,839.19,843.58,836.13,837.02,152484730
2020-06-10,836.8,842.21,827.6,839.11,164035740
2020-06-11,839.11,842.76,806.64,806.87,191851870
2020-06-12,803.11,807.76,782.7,807.76,183055290
2020-06-15,808.58,813.59,778.71,778.71,141902860
2020-06-16,779.8,801.42,779.8,798.82,84854820
2020-06-17,798.82,802.06,793.2,796.43,76200410
2020-06-18,795.84,800.03,788.72,797.08,58891460
2020-06-19,797.21,808.28,797.03,808.28,81044560
2020-06-22,811.47,812.99,805.24,809.97,55095190
2020-06-23,810.64,812.24,803.96,807.61,95807000
2020-06-24,807.9,813.47,799.35,801.62,74689590
2020-06-25,801.29,801.29,791.38,796.51,74549190
2020-06-26,796.7,803.88,793.08,795.53,53642210
2020-06-29,795.11,795.11,768.99,774.81,97111120
2020-06-30,774.84,784.44,765.62,770.53,74258230
2020-07-01,770.23,787.38,770.02,786.82,56962280
2020-07-02,786.82,788.88,781.45,785.59,54056700
2020-07-03,785.81,790.3,785.81,789.87,43303010
2020-07-06,790.08,803.76,789.87,803.46,74204520
2020-07-07,803.61,812.48,803.61,805.68,87361600
2020-07-08,805.67,807.09,801.57,805.06,52132960
2020-07-09,805.12,819.45,805.12,817.08,81034330
2020-07-10,816.76,817.67,806.67,809.02,71215730
2020-07-13,809.03,814.35,802.5,806.17,65612220
2020-07-14,805.21,806.17,798.21,805.37,60124200
2020-07-15,805.38,815.09,805.38,810.16,53466480
2020-07-16,810.16,819.83,809.41,819.83,64520530
2020-07-17,819.27,819.27,812.61,814.16,65439170
2020-07-20,814.0,814.0,803.36,803.36,69313020
2020-07-21,803.55,806.34,799.98,804.7,62634380
2020-07-22,804.26,806.93,797.82,797.85,65223560
2020-07-23,797.85,800.29,794.59,800.29,73617580
2020-07-24,798.89,798.89,760.56,772.29,142231570
2020-07-27,767.3,772.29,726.02,729.93,127324950
2020-07-28,730.55,757.5,729.93,756.17,106762410
2020-07-29,737.98,755.14,722.85,735.16,95374560
2020-07-30,735.3,746.74,735.16,746.02,51151920
2020-07-31,745.33,747.56,731.14,740.73,58079130
2020-08-03,740.33,758.3,738.64,757.86,75712850
2020-08-04,759.19,768.46,757.86,768.22,62080110
2020-08-05,768.22,782.09,761.26,780.71,84975870
2020-08-06,780.69,787.27,776.04,781.6,64066590
2020-08-07,781.61,785.99,778.45,782.15,68194780
2020-08-10,782.5,791.67,782.15,784.3,79376100
2020-08-11,784.74,788.92,781.04,784.57,60223460
2020-08-12,784.58,790.01,784.23,788.42,71949730
2020-08-13,788.42,795.69,789.26,795.09,49154760
2020-08-14,795.13,801.61,789.12,791.98,85640670
2020-08-17,791.89,793.61,782.52,791.54,57165820
2020-08-18,791.6,792.13,784.93,786.95,41657400
2020-08-19,787.23,791.85,786.01,789.41,51465360
2020-08-20,789.41,793.35,783.57,786.11,65866250
2020-08-21,786.14,795.05,786.14,793.6,78118940
2020-08-24,793.46,810.17,793.46,809.69,102484240
2020-08-25,809.34,818.94,809.34,815.18,107201730
2020-08-26,815.19,816.68,811.45,812.36,89049860
2020-08-27,812.47,814.64,810.68,814.55,72352280
2020-08-28,824.65,828.88,814.55,821.93,102827430
2020-08-31,822.01,831.76,820.66,823.93,82419120
2020-09-01,823.01,832.87,821.74,832.03,78823790
2020-09-03,832.27,844.27,832.03,843.64,104709690
2020-09-04,843.22,843.64,833.54,840.54,103338380
2020-09-07,840.64,843.8,824.36,824.36,98247460
2020-09-08,824.62,829.22,819.02,827.57,81334060
2020-09-09,827.5,828.38,816.51,824.42,82985570
2020-09-10,824.42,832.61,824.42,825.85,67659910
2020-09-11,825.81,827.83,821.97,825.56,64103290
2020-09-14,825.69,833.09,825.69,832.24,65500510
2020-09-15,833.69,835.42,831.13,833.33,87508060
2020-09-16,833.31,834.52,831.33,834.5,54112550
2020-09-17,834.6,837.76,829.08,831.84,96606620
2020-09-18,831.84,842.1,831.84,841.26,94168740
2020-09-21,841.28,852.65,841.28,851.54,106118340
2020-09-22,851.54,854.34,846.03,853.68,130393430
2020-09-23,852.88,860.34,852.88,858.3,111915820
2020-09-24,858.14,858.89,852.29,853.21,90213290
2020-09-25,853.19,856.79,850.1,854.71,105360670
2020-09-28,854.84,863.98,854.84,863.31,134681820
2020-09-29,869.3,871.99,856.2,856.2,135082450
2020-09-30,856.2,860.1,852.54,858.54,104923280
2020-10-01,859.27,868.3,859.27,867.58,106515880
2020-10-02,867.58,870.8,850.61,861.51,164531140
2020-10-05,861.51,869.09,861.51,867.7,115090400
2020-10-06,867.74,872.39,866.12,871.37,148279580
2020-10-07,870.98,876.31,867.06,870.85,157151510
2020-10-08,870.88,873.13,864.55,869.82,139809540
2020-10-09,869.8,875.52,868.36,874.53,115723800
2020-10-12,874.72,882.84,871.58,874.9,130255360
2020-10-13,874.58,879.25,872.36,878.35,103915810
2020-10-14,878.94,892.25,878.35,892.15,176566350
2020-10-15,896.5,901.71,893.94,899.2,167589220
2020-10-16,899.58,906.17,892.7,901.59,157348820
2020-10-19,899.61,906.16,899.61,901.47,110853070
2020-10-20,903.27,909.49,899.42,909.49,179990420
2020-10-21,909.49,918.07,905.08,906.1,152206540
2020-10-22,906.1,918.3,902.01,918.3,133646710
2020-10-23,918.84,930.59,918.84,930.3,163038710
2020-10-26,929.5,942.72,919.56,919.56,167434310
2020-10-27,919.56,926.39,914.72,915.46,189908440
2020-10-28,913.31,915.98,888.88,888.88,183439080
2020-10-29,887.38,894.19,879.74,886.68,151632600
2020-10-30,887.34,893.41,875.97,892.55,130033580
2020-11-02,892.68,899.94,889.83,899.27,83556370
2020-11-03,899.73,904.78,897.3,902.14,110878290
2020-11-04,908.22,910.59,900.74,905.48,112218650
2020-11-05,905.55,913.2,903.64,903.64,97631160
2020-11-06,903.68,907.67,899.51,902.91,79120200
2020-11-09,902.91,917.42,902.91,917.42,108928030
2020-11-10,917.45,929.66,916.5,916.5,137867540
2020-11-11,916.98,919.95,910.39,916.68,114386310
2020-11-12,916.89,923.0,916.21,923.0,85346880
2020-11-13,923.0,931.2,923.0,931.2,122988700
2020-11-16,931.4,939.1,915.23,915.97,173012830
2020-11-17,916.25,934.65,916.25,934.65,129177640
2020-11-18,935.24,939.62,931.18,937.67,153573720
2020-11-19,939.41,945.03,936.32,944.92,166086320
2020-11-20,944.85,950.89,942.28,950.89,125700510
2020-11-23,950.98,961.35,946.18,960.03,164653110
2020-11-24,960.97,964.32,948.67,959.61,184868340
2020-11-25,959.68,963.78,957.14,960.63,175122450
2020-11-26,960.29,964.16,953.69,964.16,156138260
2020-11-27,964.32,971.11,963.69,971.11,142656350
2020-11-30,971.39,975.46,965.89,965.89,168722120
2020-12-01,962.61,976.44,951.92,976.35,213408260
2020-12-02,976.27,981.28,973.58,979.95,187854660
2020-12-03,980.17,986.4,978.16,985.44,183517840
2020-12-04,985.91,988.68,983.03,984.34,182020670
2020-12-07,984.25,992.59,984.07,992.01,148301050
2020-12-08,992.01,996.64,988.71,993.61,153446320
2020-12-09,993.61,1004.61,993.61,1004.03,180899680
2020-12-10,1004.42,1008.6,994.28,994.28,173563520
2020-12-11,994.34,1008.65,994.28,1008.65,127663730
2020-12-14,1008.86,1024.28,1008.86,1024.28,160378000
2020-12-15,1024.4,1025.34,1009.8,1013.02,173336680
2020-12-16,1013.66,1029.72,1013.02,1029.72,178525030
2020-12-17,1028.63,1029.72,1015.86,1016.95,226638630
2020-12-18,1016.95,1037.98,1016.95,1036.65,183606010
2020-12-21,1038.0,1052.85,1038.0,1049.71,187655270
2020-12-22,1051.17,1053.81,1043.8,1052.23,204617490
2020-12-23,1053.89,1058.91,1043.88,1045.7,203334040
2020-12-24,1045.97,1051.56,1013.9,1033.95,212709620
2020-12-25,1033.86,1052.16,1026.05,1052.13,161859380
2020-12-28,1053.37,1063.09,1047.45,1054.23,190250810
2020-12-29,1054.23,1062.61,1050.05,1058.39,153419410
2020-12-30,1059.2,1069.5,1055.25,1059.16,173017710
2020-12-31,1059.16,1074.02,1058.9,1070.77,136030310
2021-01-04,1072.44,1097.61,1072.44,1091.87,233730100
2021-01-05,1090.71,1106.29,1086.07,1104.3,191641100
2021-01-06,1105.74,1125.63,1104.3,1113.72,225226500
2021-01-07,1113.88,1130.59,1113.72,1130.59,215401400
2021-01-08,1131.0,1156.38,1131.0,1147.86,220086200
2021-01-11,1148.06,1165.99,1148.06,1163.4,222792000
2021-01-12,1163.44,1169.38,1155.9,1169.03,202517400
2021-01-13,1169.16,1178.44,1161.87,1164.57,187356100
2021-01-14,1165.22,1169.97,1156.58,1168.99,229616000
2021-01-15,1169.27,1185.46,1168.99,1182.2,211717400
2021-01-18,1183.25,1188.53,1171.96,1173.34,199288900
2021-01-19,1173.27,1173.61,1098.47,1107.32,324705300
2021-01-20,1108.92,1121.97,1073.13,1116.21,262600200
2021-01-21,1116.21,1152.9,1114.26,1151.3,204600400
2021-01-22,1151.3,1164.45,1147.88,1156.58,210394400
2021-01-25,1156.55,1164.7,1149.26,1154.29,198478400
2021-01-26,1153.94,1155.32,1107.54,1125.09,236714100
2021-01-27,1122.92,1125.25,1073.74,1083.63,241013700
2021-01-28,1080.83,1080.83,1008.53,1010.75,282129400
2021-01-29,1009.96,1070.05,978.85,1048.31,242653600
2021-02-01,1048.01,1068.93,1029.21,1029.86,175342500
2021-02-02,1029.55,1079.87,1025.18,1079.7,162837100
2021-02-03,1080.23,1122.04,1079.7,1117.98,204897000
2021-02-04,1117.52,1126.64,1103.11,1117.74,155634900
2021-02-05,1117.92,1135.5,1117.74,1135.5,139783900
2021-02-08,1135.5,1136.38,1077.4,1093.84,227815900
2021-02-09,1092.67,1129.49,1089.85,1129.49,173192200
2021-02-17,1130.19,1174.91,1129.49,1174.91,174115900
2021-02-18,1174.8,1187.94,1162.48,1187.94,183246200
2021-02-19,1186.7,1188.61,1168.18,1180.59,166179400
2021-02-22,1180.48,1190.48,1172.71,1180.55,175256400
2021-02-23,1180.38,1191.74,1174.18,1182.47,195049200
2021-02-24,1182.76,1192.04,1161.13,1167.18,178724400
2021-02-25,1168.22,1175.19,1158.06,1169.82,158378900
2021-02-26,1169.37,1175.4,1153.41,1173.6,178992100
2021-03-01,1173.72,1192.85,1173.6,1191.83,191028700
2021-03-02,1192.6,1203.84,1188.01,1194.71,169421200
2021-03-03,1194.78,1198.36,1189.14,1195.6,154440900
2021-03-04,1195.62,1200.42,1164.63,1174.29,183128200
2021-03-05,1174.36,1174.8,1157.45,1174.16,204819700
2021-03-08,1175.19,1186.29,1164.78,1170.0,164933700
2021-03-09,1169.89,1170.0,1150.18,1163.0,159976000
2021-03-10,1163.43,1173.58,1154.29,1172.26,156010800
2021-03-11,1172.94,1190.47,1172.94,1188.71,167311800
2021-03-12,1188.74,1193.97,1184.64,1187.81,147251900
2021-03-15,1187.84,1194.29,1184.32,1190.86,149674500
2021-03-16,1191.08,1192.15,1177.05,1187.84,163858900
2021-03-17,1188.31,1193.45,1183.83,1193.45,193596700
2021-03-18,1193.71,1211.54,1193.71,1211.54,155167300
2021-03-19,1211.08,1211.54,1201.17,1203.36,171417400
2021-03-22,1204.0,1207.28,1194.79,1198.54,161297800
2021-03-23,1198.49,1198.54,1182.22,1186.98,155689000
2021-03-24,1186.04,1186.98,1157.69,1167.49,189329400
2021-03-25,1165.8,1175.86,1159.25,1164.64,165895200
2021-03-26,1164.38,1170.75,1143.08,1167.19,172710300
2021-03-29,1167.3,1182.06,1167.3,1180.07,145667400
2021-03-30,1180.21,1192.9,1175.9,1190.86,217511900
2021-03-31,1190.86,1203.18,1189.47,1196.24,171904000
2021-04-01,1196.62,1227.56,1196.24,1226.16,222239500
2021-04-02,1226.84,1243.67,1226.84,1238.03,199249300
2021-04-05,1240.24,1256.12,1238.03,1249.9,219162300
2021-04-06,1248.43,1260.35,1245.16,1255.36,222982600
2021-04-07,1255.36,1257.77,1248.15,1257.77,213314200
2021-04-08,1257.75,1263.03,1249.45,1251.81,161341700
2021-04-09,1251.71,1256.06,1245.26,1253.26,173791500
2021-04-12,1254.39,1279.52,1253.26,1278.19,267960600
2021-04-13,1278.31,1298.78,1276.74,1277.35,255773400
2021-04-14,1277.31,1290.77,1263.89,1290.77,207521100
2021-04-15,1291.83,1300.84,1283.98,1284.2,236678100
2021-04-16,1283.18,1291.37,1262.52,1276.87,247667200
2021-04-19,1277.11,1306.22,1271.52,1306.22,210596900
2021-04-20,1308.03,1331.56,1303.68,1312.68,244920500
2021-04-22,1312.33,1317.5,1271.53,1271.53,232535000
2021-04-23,1271.52,1301.39,1262.89,1301.39,245629900
2021-04-26,1301.39,1305.73,1269.78,1275.04,216946500
2021-04-27,1274.32,1283.95,1264.57,1283.81,171780800
2021-04-28,1283.81,1296.48,1280.54,1294.06,206895500
2021-04-29,1294.79,1312.62,1294.06,1312.28,242336900
2021-05-04,1312.08,1329.18,1285.9,1328.03,274202700
2021-05-05,1328.47,1360.76,1328.03,1346.89,274663200
2021-05-06,1346.93,1352.57,1337.28,1344.64,226859700
2021-05-07,1344.09,1347.8,1329.51,1340.73,291435700
2021-05-10,1339.75,1371.51,1335.39,1370.66,302727000
2021-05-11,1370.71,1382.06,1359.19,1359.19,262049600
2021-05-12,1358.59,1380.23,1350.8,1380.17,264230000
2021-05-13,1379.19,1385.72,1370.18,1370.18,271897300
2021-05-14,1370.14,1386.09,1370.14,1380.02,251133900
2021-05-17,1381.13,1391.89,1371.22,1371.36,254610700
2021-05-18,1371.75,1381.36,1367.85,1378.59,252829000
2021-05-19,1378.97,1402.45,1378.43,1401.71,279667100
2021-05-20,1402.31,1424.92,1396.23,1424.92,270201500
2021-05-21,1424.77,1433.01,1412.78,1425.04,267790400
2021-05-24,1425.11,1433.59,1421.17,1430.48,256209400
2021-05-25,1428.42,1445.6,1427.56,1444.01,209778800
2021-05-26,1443.93,1456.55,1440.6,1455.11,233969200
2021-05-27,1455.48,1457.46,1433.76,1437.38,264785900
2021-05-28,1437.74,1460.68,1433.55,1458.78,300175000
2021-05-31,1459.04,1475.09,1449.66,1474.78,293022200
2021-06-01,1473.28,1496.55,1473.28,1482.92,255910200
2021-06-02,1482.92,1488.93,1469.49,1478.85,277182000
2021-06-03,1479.75,1506.27,1478.85,1504.37,318348000
2021-06-04,1504.18,1509.38,1496.36,1508.35,336486800
2021-06-07,1508.08,1508.65,1472.1,1484.1,309807000
2021-06-08,1481.88,1493.36,1436.72,1438.97,328466400
2021-06-09,1438.47,1465.93,1426.04,1457.76,279949900
2021-06-10,1457.17,1464.4,1443.74,1451.18,253444200
2021-06-11,1451.43,1489.95,1448.46,1487.61,264960500
2021-06-14,1488.88,1504.32,1483.82,1495.51,249571500
2021-06-15,1495.51,1498.75,1481.03,1487.04,239018700
2021-06-16,1486.76,1487.68,1462.99,1465.58,241627200
2021-06-17,1463.98,1469.44,1445.39,1461.91,211574000
2021-06-18,1461.96,1484.89,1461.91,1481.3,198662900
2021-06-21,1481.15,1486.12,1473.11,1478.29,205148100
2021-06-22,1481.13,1498.12,1478.29,1489.24,211641600
2021-06-23,1489.27,1502.79,1485.13,1489.53,197836400
2021-06-24,1489.51,1497.92,1482.38,1486.96,175257700
2021-06-25,1486.99,1500.94,1480.64,1500.3,180213400
2021-06-28,1502.02,1523.58,1500.3,1521.41,215306300
2021-06-29,1521.51,1536.96,1521.41,1529.97,203545700
2021-06-30,1529.97,1540.9,1528.1,1529.0,192676300
2021-07-01,1529.09,1545.14,1525.24,1545.14,253521100
2021-07-02,1546.54,1558.45,1546.54,1554.59,242776200
2021-07-05,1557.41,1560.44,1533.18,1557.41,309397900
2021-07-06,1557.41,1565.29,1488.42,1488.42,298837000
2021-07-07,1501.44,1538.77,1472.81,1538.77,306583400
2021-07-08,1530.4,1536.51,1509.9,1521.21,218880200
2021-07-09,1510.0,1526.35,1480.6,1494.43,287668400
2021-07-12,1488.29,1495.92,1406.14,1443.1,412553600
2021-07-13,1454.56,1457.05,1419.09,1440.87,174503600
2021-07-14,1442.2,1446.13,1395.16,1410.3,215228900
2021-07-15,1402.36,1441.57,1402.36,1430.29,189776500
2021-07-16,1439.96,1446.36,1430.29,1438.05,152452100
2021-07-19,1403.96,1438.05,1367.61,1374.15,268708600
2021-07-20,1379.41,1411.02,1357.31,1411.02,221511500
2021-07-21,1415.71,1422.8,1402.42,1406.54,149343500
2021-07-22,1404.49,1432.43,1400.2,1428.48,162697100
2021-07-23,1422.07,1430.43,1401.53,1401.53,235469400
2021-07-26,1397.01,1409.94,1384.87,1403.96,152848200
2021-07-27,1415.5,1423.3,1403.96,1409.85,190307000
2021-07-28,1406.25,1415.39,1402.6,1407.5,120700100
2021-07-29,1419.55,1427.55,1407.5,1427.55,166489800
2021-07-30,1430.48,1451.45,1427.55,1447.23,224343000
2021-08-02,1443.6,1457.89,1438.35,1448.21,198500500
2021-08-03,1449.97,1469.87,1448.21,1469.87,225709900
2021-08-04,1476.82,1480.28,1465.66,1472.2,218545200
2021-08-05,1469.13,1488.79,1465.1,1486.46,193618800
2021-08-06,1488.11,1491.52,1476.79,1476.79,211700400
2021-08-09,1472.78,1499.9,1467.32,1497.83,206115700
2021-08-10,1506.5,1508.92,1490.0,1494.41,185390800
2021-08-11,1497.13,1506.8,1487.91,1487.91,245343900
2021-08-12,1487.1,1493.69,1477.06,1477.06,184219700
2021-08-13,1477.72,1484.67,1463.48,1484.25,207219000
2021-08-16,1490.7,1504.03,1487.52,1500.77,258600300
2021-08-17,1508.41,1512.27,1488.74,1494.12,217175800
2021-08-18,1493.12,1500.17,1484.26,1489.54,192677500
2021-08-19,1489.74,1505.01,1479.6,1505.01,206497700
2021-08-20,1495.67,1505.01,1436.24,1450.45,348767300
2021-08-23,1443.67,1445.75,1412.0,1412.0,250637200
2021-08-24,1415.71,1423.46,1406.94,1418.26,203685300
2021-08-25,1420.74,1430.58,1411.07,1428.51,153263700
2021-08-26,1432.37,1433.67,1408.08,1412.45,152194200
2021-08-27,1403.99,1418.57,1391.88,1418.57,202511100
2021-08-30,1427.48,1434.25,1418.57,1431.05,154142100
2021-08-31,1435.52,1437.38,1425.71,1428.66,152484200
2021-09-01,1425.35,1434.73,1423.08,1426.94,176638100
2021-09-06,1433.03,1441.92,1429.55,1441.54,208734600
2021-09-07,1446.0,1454.82,1441.69,1444.1,205271300
2021-09-08,1447.43,1448.44,1431.38,1433.71,152206200
2021-09-09,1432.84,1449.16,1431.55,1447.28,166188800
2021-09-10,1451.78,1453.81,1447.28,1448.33,139146600
2021-09-13,1450.0,1454.72,1444.71,1444.99,162870500
2021-09-14,1444.24,1448.71,1436.98,1438.16,148168200
2021-09-15,1433.17,1447.64,1432.76,1444.85,130108600
2021-09-16,1452.89,1454.23,1442.77,1448.98,134634300
2021-09-17,1452.31,1459.94,1448.98,1455.59,188921000
2021-09-20,1468.11,1474.66,1454.95,1458.66,180834700
2021-09-21,1444.75,1455.71,1433.77,1446.22,167219900
2021-09-22,1449.44,1454.19,1440.02,1453.22,122875100
2021-09-23,1456.46,1466.0,1453.02,1458.23,138284900
2021-09-24,1460.63,1464.12,1456.89,1459.94,141119100
2021-09-27,1462.86,1464.5,1439.2,1439.2,148690000
2021-09-28,1433.7,1454.79,1430.89,1451.12,141163200
2021-09-29,1450.73,1453.66,1440.55,1450.52,169808300
2021-09-30,1452.76,1461.94,1450.52,1453.76,118787000
2021-10-01,1450.9,1453.76,1438.52,1441.83,188812300
2021-10-04,1442.87,1446.78,1433.05,1443.61,220195000
2021-10-05,1446.77,1456.37,1443.61,1456.21,152940400
2021-10-06,1461.98,1461.98,1453.78,1461.72,157608000
2021-10-07,1467.95,1470.64,1460.87,1462.74,142851700
2021-10-08,1466.78,1476.54,1462.74,1476.54,137767900
2021-10-11,1481.29,1511.21,1480.31,1510.27,211043700
2021-10-12,1514.78,1517.21,1504.24,1509.57,162655700
2021-10-13,1512.73,1519.11,1502.19,1505.55,137277800
2021-10-14,1504.85,1511.14,1498.21,1503.38,159952700
2021-10-15,1508.37,1512.61,1499.7,1504.84,151731800
2021-10-18,1508.88,1517.7,1504.84,1510.49,167733700
2021-10-19,1512.1,1513.83,1503.89,1507.19,142509300
2021-10-20,1510.38,1516.74,1486.26,1505.03,182022000
2021-10-21,1509.05,1510.2,1489.26,1489.26,166371200
2021-10-22,1495.32,1498.25,1486.57,1488.71,127282900
2021-10-25,1492.35,1492.35,1476.97,1476.97,202649000
2021-10-26,1474.36,1483.65,1467.02,1482.62,143685900
2021-10-27,1487.45,1516.46,1485.12,1516.46,201353000
2021-10-28,1522.11,1530.77,1513.12,1529.26,190779100
2021-10-29,1529.42,1534.51,1521.04,1532.35,197579000
2021-11-01,1534.17,1534.88,1513.98,1516.75,252416300
2021-11-02,1514.91,1522.9,1514.75,1521.35,186412200
2021-11-03,1526.38,1537.59,1519.39,1530.65,324556200
2021-11-04,1531.92,1535.9,1524.54,1528.21,173097200
2021-11-05,1531.06,1536.47,1523.16,1531.76,156544900
2021-11-08,1535.12,1541.83,1528.71,1535.66,219015500
2021-11-09,1539.25,1542.75,1524.36,1527.13,210505900
2021-11-10,1530.69,1531.7,1518.89,1523.79,204461200
2021-11-11,1524.73,1526.72,1503.77,1514.36,258427300
2021-11-12,1514.96,1529.47,1504.52,1527.94,152556600
2021-11-15,1534.16,1534.44,1521.94,1528.68,232161500
2021-11-16,1527.11,1530.32,1513.5,1517.22,214948000
2021-11-17,1517.67,1522.5,1513.65,1519.58,165538300
2021-11-18,1522.39,1523.19,1503.42,1503.42,256828300
2021-11-19,1507.45,1521.63,1486.59,1500.05,322630600
2021-11-22,1503.19,1530.43,1500.05,1517.04,274789700
2021-11-23,1518.39,1533.12,1513.23,1533.12,173026700
2021-11-24,1534.87,1567.77,1530.61,1565.29,371792500
2021-11-25,1573.29,1579.56,1565.29,1572.46,255689400
2021-11-26,1576.52,1587.0,1564.39,1566.55,286506800
2021-11-29,1541.22,1566.55,1541.22,1553.04,270835200
2021-11-30,1567.44,1568.09,1531.82,1537.59,254246000
2021-12-01,1536.67,1549.81,1531.2,1549.81,183018700
2021-12-02,1553.21,1555.49,1540.88,1540.88,155692100
2021-12-03,1550.81,1551.97,1503.98,1503.98,237844400
2021-12-06,1507.45,1515.47,1464.91,1480.92,264304900
2021-12-07,1493.07,1512.62,1480.92,1512.62,167560600
2021-12-08,1515.59,1523.95,1508.69,1516.16,176054000
2021-12-09,1509.4,1529.61,1509.4,1529.61,141320100
2021-12-10,1528.17,1533.23,1517.59,1519.46,172565800
2021-12-13,1523.74,1526.53,1517.98,1520.8,166213200
2021-12-14,1518.39,1529.93,1513.14,1516.44,170665700
2021-12-15,1516.91,1525.14,1512.05,1519.42,150689400
2021-12-16,1526.63,1526.75,1501.41,1510.17,187576000
2021-12-17,1513.36,1520.97,1510.17,1513.56,220350000
2021-12-20,1519.69,1521.62,1509.54,1513.6,180132400
2021-12-21,1512.01,1517.69,1507.89,1511.48,175784000
2021-12-22,1514.98,1519.74,1498.96,1504.12,220183200
2021-12-23,1504.61,1506.43,1470.94,1477.37,241493800
2021-12-24,1484.51,1507.48,1481.37,1506.67,197961200
2021-12-27,1515.24,1517.45,1500.31,1514.55,134565900
2021-12-28,1518.56,1523.54,1509.58,1523.54,189418700
2021-12-29,1525.82,1528.9,1515.94,1515.94,154782700
2021-12-30,1515.75,1526.2,1515.75,1519.62,145697200
2021-12-31,1523.58,1537.32,1523.41,1535.71,183408500
2022-01-04,1536.45,1562.54,1536.45,1558.87,207489800
2022-01-05,1559.33,1562.93,1546.01,1546.01,222221200
2022-01-06,1542.34,1554.97,1541.19,1544.95,231961100
2022-01-07,1548.77,1550.47,1532.24,1532.24,200626600
2022-01-10,1531.13,1537.71,1514.7,1514.7,200034100
2022-01-11,1516.74,1519.84,1497.78,1499.74,187023400
2022-01-12,1498.63,1530.04,1484.93,1530.04,282093000
2022-01-13,1533.38,1548.49,1524.66,1526.43,308816900
2022-01-14,1523.96,1530.2,1513.17,1523.57,135949400
2022-01-17,1523.17,1529.28,1478.61,1478.61,290137800
2022-01-18,1473.04,1489.13,1464.41,1477.06,214017600
2022-01-19,1479.74,1491.0,1475.06,1482.55,142261000
2022-01-20,1479.81,1499.47,1474.67,1492.81,163721300
2022-01-21,1497.61,1508.65,1492.21,1502.16,218982600
2022-01-24,1496.36,1499.22,1465.76,1471.31,243478300
2022-01-25,1471.56,1516.16,1466.07,1516.16,191549000
2022-01-26,1519.9,1533.61,1516.16,1525.31,236863500
2022-01-27,1520.82,1528.81,1507.26,1516.57,158584300
2022-01-28,1516.4,1535.57,1515.85,1532.24,194567300
2022-02-07,1548.38,1555.01,1541.25,1541.25,182867100
2022-02-08,1539.49,1555.01,1537.16,1550.46,218959100
2022-02-09,1554.59,1570.32,1552.44,1552.44,230550700
2022-02-10,1554.98,1557.89,1536.02,1548.95,225002900
2022-02-11,1544.76,1549.37,1540.5,1545.92,167675800
2022-02-14,1530.5,1536.77,1505.07,1505.07,254064100
2022-02-15,1508.25,1530.04,1506.69,1527.36,180952200
2022-02-16,1534.39,1534.5,1517.52,1521.47,122057100
2022-02-17,1521.37,1540.51,1521.37,1540.51,146568200
2022-02-18,1525.21,1533.53,1523.88,1531.47,155104600
2022-02-21,1530.65,1537.56,1522.48,1533.4,163183400
2022-02-22,1532.07,1532.36,1510.07,1532.36,223625500
2022-02-23,1536.6,1547.19,1534.19,1538.83,158142200
2022-02-24,1537.5,1540.13,1503.22,1522.04,275311400
2022-02-25,1531.97,1540.13,1522.04,1526.5,198105100
2022-02-28,1525.58,1533.32,1512.45,1517.18,193571200
2022-03-01,1521.44,1525.0,1515.49,1520.12,187030700
2022-03-02,1516.31,1517.49,1495.16,1498.61,291452900
2022-03-03,1507.53,1522.49,1502.41,1522.49,244078000
2022-03-04,1525.23,1529.93,1519.97,1525.34,220071600
2022-03-07,1514.76,1518.32,1505.79,1509.12,222534800
2022-03-08,1500.07,1506.65,1486.68,1490.17,222308000
2022-03-09,1493.96,1497.75,1485.15,1489.25,190158600
2022-03-10,1491.9,1505.5,1490.24,1490.24,148748300
2022-03-11,1487.92,1490.83,1469.22,1477.14,178186800
2022-03-14,1471.44,1473.98,1454.34,1461.1,177210100
2022-03-15,1461.4,1469.52,1455.16,1468.89,136415100
2022-03-16,1475.17,1478.42,1467.95,1472.69,106836400
2022-03-17,1480.32,1480.86,1469.92,1469.92,109378100
2022-03-18,1474.02,1482.96,1474.02,1476.94,148418800
2022-03-21,1480.29,1502.67,1480.29,1502.67,124702300
2022-03-22,1507.38,1516.7,1506.1,1513.4,155225300
2022-03-23,1514.61,1519.58,1505.59,1505.59,132331300
2022-03-24,1506.49,1506.79,1496.96,1497.44,115640400
2022-03-25,1499.34,1503.18,1494.28,1498.36,109442400
2022-03-28,1493.12,1497.06,1477.72,1484.16,177240800
2022-03-29,1484.95,1501.05,1484.95,1500.57,110331000
2022-03-30,1497.98,1513.91,1496.59,1500.23,163897200
2022-03-31,1502.38,1512.47,1500.67,1508.53,121691400
2022-04-01,1509.01,1542.47,1506.11,1542.47,195611900
2022-04-04,1558.21,1558.98,1546.46,1548.04,160184300
2022-04-05,1544.34,1549.77,1539.2,1539.2,124889400
2022-04-06,1534.23,1558.41,1529.23,1557.11,202014800
2022-04-07,1561.14,1566.09,1541.96,1541.96,198569600
2022-04-08,1541.78,1547.6,1524.31,1524.31,156252000
2022-04-12,1530.3,1532.03,1506.41,1507.2,151798200
2022-04-13,1512.37,1526.44,1506.45,1525.39,143102400
2022-04-14,1526.49,1534.28,1517.07,1518.01,118276500
2022-04-15,1514.89,1518.85,1491.26,1493.74,181851100
2022-04-18,1493.17,1493.24,1466.73,1468.25,192984300
2022-04-19,1471.63,1478.5,1440.61,1440.61,155658900
2022-04-20,1440.9,1453.81,1434.87,1435.5,149089900
2022-04-21,1434.77,1452.41,1422.7,1426.87,171168900
2022-04-22,1439.32,1455.15,1419.05,1444.32,147570900
2022-04-25,1444.79,1445.62,1356.36,1366.39,201381000
2022-04-26,1347.83,1397.43,1318.5,1396.9,180834600
2022-04-27,1394.85,1407.7,1362.87,1402.03,107656700
2022-04-28,1400.6,1407.82,1392.24,1400.88,92523200
2022-04-29,1400.88,1417.31,1394.17,1417.31,127626300
2022-05-04,1415.43,1415.45,1389.59,1389.59,114308500
2022-05-05,1402.6,1405.43,1373.42,1404.88,122532000
2022-05-06,1399.54,1399.54,1371.0,1373.21,129068300
2022-05-09,1358.56,1360.64,1308.34,1314.04,200323400
2022-05-10,1312.1,1345.46,1285.67,1345.46,156728700
2022-05-11,1344.14,1355.11,1324.2,1349.82,93650000
2022-05-12,1337.01,1339.25,1279.48,1279.76,163432800
2022-05-13,1281.28,1284.94,1219.52,1223.76,237270100
2022-05-16,1254.88,1258.25,1214.29,1215.08,175605900
2022-05-17,1211.88,1279.55,1203.51,1279.55,162355800
2022-05-18,1289.5,1298.69,1268.13,1286.41,159545000
2022-05-19,1259.59,1291.49,1255.63,1283.55,130418900
2022-05-20,1284.89,1296.0,1273.4,1282.51,109802300
2022-05-23,1287.49,1287.65,1245.41,1255.35,139493400
2022-05-24,1255.77,1272.71,1242.36,1272.71,146286600
2022-05-25,1277.54,1311.32,1273.29,1310.7,170846100
2022-05-26,1312.56,1319.21,1304.59,1309.5,127769300
2022-05-27,1311.78,1336.99,1310.64,1335.68,137794500
2022-05-30,1337.39,1342.87,1329.38,1342.87,120464900
2022-05-31,1342.08,1342.08,1324.46,1332.59,126579200
2022-06-01,1329.02,1341.47,1323.07,1335.49,126583800
2022-06-02,1339.12,1342.47,1319.85,1325.49,131434900
2022-06-03,1325.49,1329.9,1313.4,1327.4,99125900
2022-06-06,1328.73,1336.96,1320.97,1327.04,132090300
2022-06-07,1323.19,1324.37,1297.98,1324.37,152798700
2022-06-08,1328.95,1348.4,1325.65,1342.03,161887700
2022-06-09,1344.56,1346.13,1335.28,1342.92,125435400
2022-06-10,1332.93,1344.85,1325.69,1325.69,135771600
2022-06-13,1295.26,1300.45,1260.85,1260.85,198096800
2022-06-14,1247.39,1271.28,1245.26,1261.16,145861800
2022-06-15,1263.96,1268.33,1231.12,1253.09,168857200
2022-06-16,1266.87,1292.02,1263.56,1280.37,156455300
2022-06-17,1254.05,1259.39,1229.74,1258.03,187300200
2022-06-20,1258.3,1262.83,1223.03,1225.56,168768300
2022-06-21,1220.76,1240.8,1212.69,1224.54,172801800
2022-06-22,1233.28,1242.06,1222.86,1227.18,142695000
2022-06-23,1227.18,1240.58,1219.08,1240.58,105240000
2022-06-24,1239.54,1246.22,1234.72,1235.47,90437000
2022-06-27,1238.23,1256.67,1237.79,1256.67,110597100
2022-06-28,1254.35,1276.21,1249.57,1273.41,151571400
2022-06-29,1259.83,1274.73,1259.41,1273.4,113295900
2022-06-30,1273.99,1276.23,1248.92,1248.92,118013500
2022-07-01,1247.7,1255.67,1225.64,1252.24,118891000
2022-07-04,1256.2,1260.72,1244.5,1248.37,112840000
2022-07-05,1252.48,1256.47,1239.8,1242.05,162030600
2022-07-06,1241.19,1241.19,1211.94,1211.94,131179800
2022-07-07,1212.36,1229.23,1209.97,1229.23,98638500
2022-07-08,1235.65,1236.85,1225.04,1231.54,115987500
2022-07-11,1224.2,1224.2,1200.15,1209.02,131002300
2022-07-12,1208.06,1219.44,1204.84,1219.44,88675600
2022-07-13,1216.83,1225.85,1213.41,1216.94,117179900
2022-07-14,1213.73,1224.01,1211.14,1221.94,106757900
2022-07-15,1224.15,1228.48,1217.21,1220.14,147665700
2022-07-18,1225.4,1225.69,1213.28,1214.28,104038500
2022-07-19,1213.55,1213.64,1204.61,1211.7,100592900
2022-07-20,1220.25,1229.62,1217.45,1225.62,123377500
2022-07-21,1227.31,1240.91,1226.88,1235.25,127715400
2022-07-22,1238.46,1241.65,1228.84,1228.84,106142000
2022-07-25,1228.11,1231.84,1219.61,1222.6,94341400
2022-07-26,1221.43,1227.1,1218.11,1218.49,93438000
2022-07-27,1218.13,1219.43,1211.42,1219.43,95584100
2022-07-28,1228.73,1240.65,1226.95,1236.14,180062100
2022-07-29,1243.17,1243.17,1232.0,1232.0,142294000
2022-08-01,1233.85,1256.25,1233.64,1256.25,175842500
2022-08-02,1256.32,1266.14,1248.97,1265.97,172175300
2022-08-03,1259.26,1271.39,1256.39,1269.83,184352300
2022-08-04,1273.71,1281.46,1270.66,1277.73,164088200
2022-08-05,1274.48,1276.19,1265.93,1272.06,172672400
2022-08-08,1270.27,1280.13,1270.13,1276.7,141948100
2022-08-09,1281.38,1285.52,1275.12,1281.44,161794800
2022-08-10,1279.58,1283.06,1276.07,1277.15,117050500
2022-08-11,1282.09,1289.29,1267.04,1272.33,175275100
2022-08-12,1271.39,1280.96,1267.14,1280.96,113933600
2022-08-15,1287.13,1294.11,1285.02,1293.79,149048700
2022-08-16,1293.72,1297.38,1290.52,1295.1,155261200
2022-08-17,1297.25,1304.49,1296.58,1300.4,146611100
2022-08-18,1299.09,1311.73,1295.54,1299.93,162054000
2022-08-19,1297.97,1303.73,1289.57,1294.93,154225000
2022-08-22,1294.78,1295.69,1281.96,1285.45,128864900
2022-08-23,1276.09,1292.0,1275.57,1292.0,130485700
2022-08-24,1295.07,1300.4,1291.96,1296.41,113650300
2022-08-25,1299.26,1311.55,1299.26,1311.55,127468800
2022-08-26,1314.73,1320.16,1304.68,1306.81,152914600
2022-08-29,1296.03,1296.03,1275.4,1293.25,174325400
2022-08-30,1293.41,1307.12,1293.41,1298.14,112858600
2022-08-31,1295.71,1306.45,1294.34,1301.44,103562800
2022-09-05,1300.5,1305.62,1294.44,1298.15,110009200
2022-09-06,1298.74,1305.9,1296.58,1299.06,121911600
2022-09-07,1297.31,1298.17,1268.95,1268.95,187243100
2022-09-08,1277.63,1279.34,1265.57,1265.57,124239300
2022-09-09,1273.37,1275.64,1259.35,1275.64,161748700
2022-09-12,1281.62,1285.17,1275.45,1275.6,100415736
2022-09-13,1277.48,1279.55,1271.22,1272.48,94065400
2022-09-14,1254.44,1262.8,1250.98,1260.88,142289600
2022-09-15,1267.24,1269.54,1260.51,1262.82,101057100
2022-09-16,1259.9,1263.97,1248.13,1252.78,155329900
2022-09-19,1251.43,1253.45,1225.18,1229.88,152498300
2022-09-20,1235.93,1241.07,1224.96,1241.07,94432100
2022-09-21,1235.84,1236.05,1223.02,1228.2,76490900
2022-09-22,1217.63,1229.26,1210.65,1228.94,98659200
2022-09-23,1227.34,1230.72,1213.74,1215.41,88494000
2022-09-26,1199.39,1201.89,1172.37,1187.22,175236400
2022-09-27,1190.46,1193.79,1181.43,1182.46,85342600
2022-09-28,1173.82,1177.58,1160.66,1160.66,92320035
2022-09-29,1166.59,1177.21,1147.44,1147.44,88092778
2022-09-30,1140.18,1158.2,1128.57,1152.01,150912102
2022-10-03,1141.87,1144.95,1094.49,1102.0,156244153
2022-10-04,1113.8,1117.87,1088.41,1097.72,144936044
2022-10-05,1114.6,1128.94,1112.26,1117.38,111885290
2022-10-06,1117.7,1119.76,1079.75,1081.36,139132994
2022-10-07,1064.72,1067.03,1027.64,1039.54,259073007
2022-10-10,1025.48,1052.24,1011.44,1038.93,175943046
2022-10-11,1031.12,1031.12,987.27,1001.68,198813600
2022-10-12,1004.53,1039.33,999.0,1034.93,149025848
2022-10-13,1034.2,1051.24,1020.97,1051.24,125773835
2022-10-14,1068.63,1070.3,1054.82,1061.39,146026313
2022-10-17,1051.23,1051.42,1028.34,1047.2,115719738
2022-10-18,1061.06,1068.9,1051.85,1059.06,119397020
2022-10-19,1061.12,1062.27,1044.69,1053.65,101706334
2022-10-20,1049.96,1060.79,1041.08,1053.26,112393696
2022-10-21,1055.34,1055.34,1002.09,1010.57,190652861
2022-10-24,1011.54,1013.24,961.79,973.88,169908119
2022-10-25,971.29,1006.69,950.19,991.52,180001549
2022-10-26,995.73,999.59,979.4,990.41,74337124
2022-10-27,992.95,1028.5,986.54,1028.5,158331052
2022-10-28,1036.94,1046.04,1024.74,1029.49,147742310
2022-10-31,1027.57,1031.66,999.47,1026.84,188922488
2022-11-01,1028.23,1049.77,1028.23,1038.09,243969037
2022-11-02,1037.47,1039.42,1020.48,1025.18,167960841
2022-11-03,1012.9,1029.53,1010.57,1023.8,120487750
2022-11-04,1006.52,1009.0,971.72,997.92,256528166
2022-11-07,992.4,999.43,968.84,972.85,179155962
2022-11-08,957.88,981.51,950.81,980.09,185843137
2022-11-09,980.92,993.28,969.19,979.68,166528389
2022-11-10,969.79,969.79,925.02,936.8,252650412
2022-11-11,946.68,963.55,941.84,948.86,213548777
2022-11-14,945.97,945.97,913.5,936.31,212025067
2022-11-15,923.2,927.37,893.49,904.77,218178603
2022-11-16,878.24,942.56,863.31,940.29,250037971
2022-11-17,941.77,975.42,941.77,971.04,184750459
2022-11-18,967.82,977.19,941.18,971.2,264153101
2022-11-21,970.64,972.15,951.62,956.89,132134595
2022-11-22,956.31,985.18,941.85,945.54,368756651
2022-11-23,939.08,951.86,933.26,938.73,154647653
2022-11-24,932.69,941.69,925.55,940.76,136369271
2022-11-25,948.66,967.49,947.56,967.49,170946078
2022-11-28,974.42,1006.06,974.23,1004.34,398198162
2022-11-29,1007.58,1029.04,995.12,1029.04,366482223
2022-11-30,1034.78,1049.21,1018.59,1049.21,264787837
2022-12-01,1059.8,1073.32,1040.95,1042.64,434563695
2022-12-02,1038.11,1092.99,1037.08,1092.99,331278771
2022-12-05,1094.39,1120.56,1094.39,1110.94,375190697
2022-12-06,1109.5,1109.5,1054.06,1054.06,405756539
2022-12-07,1051.55,1064.73,1037.15,1047.58,242164006
2022-12-08,1061.99,1093.64,1055.63,1062.73,304642656
2022-12-09,1069.38,1076.67,1051.62,1065.08,236921811
2022-12-12,1071.27,1073.44,1037.42,1037.42,219978681
2022-12-13,1038.63,1056.43,1028.37,1056.43,241979930
2022-12-14,1056.76,1071.02,1052.25,1056.17,192579911
2022-12-15,1055.8,1076.03,1055.49,1068.08,248684661
2022-12-16,1061.58,1077.27,1058.88,1064.07,249679571
2022-12-19,1063.72,1081.55,1050.22,1050.22,258471104
2022-12-20,1048.17,1049.39,1015.66,1029.79,283560309
2022-12-21,1041.05,1041.65,1011.9,1033.1,212869654
2022-12-22,1033.72,1048.84,1031.29,1038.34,188549510
2022-12-23,1037.91,1041.37,1022.51,1034.13,129891329
2022-12-26,1032.42,1033.17,987.77,987.77,175287677
2022-12-27,988.87,1015.01,985.67,1007.36,153705262
2022-12-28,1009.19,1023.24,997.12,1013.95,123295399
2022-12-29,1013.95,1022.15,1008.3,1008.3,121061713
2022-12-30,1016.71,1017.45,1005.19,1005.19,95646949
2023-01-03,1010.52,1047.25,1010.03,1047.25,159655387
2023-01-04,1051.66,1059.01,1046.61,1050.15,172272391
2023-01-05,1052.32,1065.99,1051.6,1061.9,164326098
2023-01-06,1060.14,1075.33,1053.29,1057.4,192747383
2023-01-09,1065.24,1068.77,1056.64,1061.14,126346158
2023-01-10,1062.22,1066.08,1052.09,1060.53,126803216
2023-01-11,1065.69,1076.22,1063.96,1065.22,161565298
2023-01-12,1068.47,1072.81,1059.52,1066.24,113879596
2023-01-13,1071.91,1077.45,1063.68,1069.86,149089445
2023-01-16,1072.44,1076.97,1066.78,1075.71,126858752
2023-01-17,1077.48,1103.73,1077.48,1103.73,208016190
2023-01-18,1106.89,1117.23,1104.98,1115.72,152941676
2023-01-19,1110.5,1126.12,1108.96,1121.92,198738625
2023-01-27,1128.45,1142.08,1125.12,1130.65,166064105
2023-01-30,1132.45,1132.97,1113.95,1113.95,199105010
2023-01-31,1112.6,1125.07,1098.65,1125.07,197967689
2023-02-01,1128.13,1130.2,1088.09,1088.09,285611066
2023-02-02,1093.55,1099.39,1082.97,1093.48,164087290
2023-02-03,1094.14,1095.87,1081.05,1085.7,184413551
2023-02-06,1078.72,1094.45,1073.44,1094.37,144719122
2023-02-07,1094.51,1096.93,1068.71,1069.5,192878460
2023-02-08,1072.08,1082.89,1064.93,1073.38,154835441
2023-02-09,1070.32,1076.48,1059.91,1059.91,137779325
2023-02-10,1060.91,1064.53,1048.13,1048.74,112898739
2023-02-13,1044.49,1045.6,1024.98,1040.4,156840349
2023-02-14,1040.85,1042.96,1030.51,1034.93,110808200
2023-02-15,1032.58,1048.85,1028.11,1043.34,180596220
2023-02-16,1047.66,1055.26,1040.01,1055.26,122273518
2023-02-17,1055.29,1057.59,1047.13,1053.72,121169934
2023-02-20,1052.38,1087.36,1052.36,1087.36,190249238
2023-02-21,1089.77,1096.35,1080.12,1080.9,162784094
2023-02-22,1078.98,1078.98,1051.08,1051.08,185438909
2023-02-23,1050.07,1050.95,1026.92,1050.95,171955310
2023-02-24,1048.22,1048.27,1027.16,1030.42,95855080
2023-02-27,1028.67,1028.67,1006.32,1011.46,135239763
2023-02-28,1018.66,1026.65,1009.18,1014.96,89528495
2023-03-01,1013.83,1034.43,1001.05,1034.43,116954020
2023-03-02,1032.84,1037.73,1025.13,1028.73,89286215
2023-03-03,1029.59,1033.71,1011.61,1013.35,87613081
2023-03-06,1022.57,1034.56,1014.26,1014.26,116889318
2023-03-07,1025.78,1037.97,1024.02,1027.16,144500212
2023-03-08,1017.35,1040.59,1017.35,1040.59,141351869
2023-03-09,1042.11,1056.56,1041.49,1050.28,184317042
2023-03-10,1044.51,1049.45,1039.59,1047.2,128949162
2023-03-13,1042.6,1053.64,1041.25,1050.07,194918539
2023-03-14,1047.47,1049.35,1032.51,1037.35,168411886
2023-03-15,1040.63,1064.65,1040.63,1064.38,188635717
2023-03-16,1056.81,1059.61,1039.89,1046.99,149092317
2023-03-17,1053.48,1055.2,1043.28,1047.71,181712463
2023-03-20,1041.86,1042.07,1021.67,1024.5,145510609
2023-03-21,1031.34,1036.18,1016.77,1035.04,138418583
2023-03-22,1035.49,1046.48,1035.04,1043.14,138759239
2023-03-23,1038.93,1046.6,1033.23,1046.6,112110009
2023-03-24,1049.05,1056.67,1047.46,1051.42,157979870
2023-03-27,1052.68,1059.65,1046.8,1056.45,163146875
2023-03-28,1060.85,1064.68,1055.81,1058.82,188815652
2023-03-29,1059.87,1061.45,1053.12,1061.45,136556935
2023-03-30,1067.25,1073.93,1065.52,1067.24,182278565
2023-03-31,1067.72,1078.15,1067.72,1073.68,187322590
2023-04-03,1080.9,1088.83,1080.9,1088.72,231191347
2023-04-04,1090.07,1091.13,1084.04,1088.34,181913647
2023-04-05,1088.33,1089.83,1082.73,1089.83,193542280
2023-04-06,1091.15,1093.99,1078.86,1078.86,233265554
2023-04-07,1079.0,1080.9,1071.6,1078.88,139198068
2023-04-10,1082.62,1087.6,1074.59,1077.41,192735075
2023-04-11,1075.76,1082.89,1067.28,1081.71,179555000
2023-04-12,1083.06,1084.26,1077.86,1080.69,196579527
2023-04-13,1081.78,1082.21,1072.11,1074.67,156936399
2023-04-14,1078.36,1079.87,1063.43,1063.43,173473882
2023-04-17,1063.18,1065.4,1058.55,1065.02,96991775
2023-04-18,1067.02,1068.54,1060.75,1064.55,122151011
2023-04-19,1067.67,1067.74,1055.77,1056.14,140570559
2023-04-20,1056.74,1057.82,1050.35,1053.61,83465751
2023-04-21,1054.75,1055.48,1045.78,1046.18,147542173
2023-04-24,1049.24,1054.0,1041.46,1046.17,104527522
2023-04-25,1046.6,1051.54,1036.93,1037.04,121300558
2023-04-26,1036.3,1045.24,1029.94,1045.24,125213397
2023-04-27,1045.78,1048.26,1040.32,1041.54,105540263
2023-04-28,1045.38,1051.43,1044.56,1051.43,140120787
2023-05-04,1046.32,1047.93,1038.23,1039.64,126690951
2023-05-05,1038.51,1042.11,1035.07,1038.46,91908724
2023-05-08,1041.07,1050.56,1041.04,1049.72,147610095
2023-05-09,1049.86,1054.49,1049.23,1049.67,104950575
2023-05-10,1051.62,1055.36,1048.6,1054.99,124332363
2023-05-11,1058.02,1061.48,1053.62,1054.93,129169644
2023-05-12,1056.09,1066.44,1051.75,1066.44,168133412
2023-05-15,1067.26,1080.72,1067.26,1070.9,195832836
2023-05-16,1072.98,1073.66,1066.92,1069.64,126608549
2023-05-17,1069.54,1073.87,1062.1,1062.1,153780075
2023-05-18,1065.39,1076.86,1063.08,1070.76,146733042
2023-05-19,1072.77,1072.77,1060.72,1068.84,122584601
2023-05-22,1070.37,1073.89,1068.55,1073.74,141567576
2023-05-23,1074.26,1076.89,1063.85,1068.05,171261054
2023-05-24,1072.23,1072.52,1060.83,1061.55,155600216
2023-05-25,1061.16,1064.24,1057.35,1062.15,137300276
2023-05-26,1064.26,1064.95,1060.14,1060.81,111013799
2023-05-29,1063.62,1070.97,1062.79,1069.77,133516083
2023-05-30,1073.99,1074.46,1066.98,1071.82,169641426
2023-05-31,1072.72,1074.3,1063.44,1066.33,193512261
2023-06-01,1065.27,1068.09,1060.29,1068.09,162888526
2023-06-02,1074.51,1089.22,1073.95,1086.96,263732936
2023-06-05,1097.53,1100.37,1090.52,1091.08,215317022
2023-06-06,1091.71,1102.32,1090.95,1102.32,198494952
2023-06-07,1104.3,1107.09,1100.11,1105.68,266734660
2023-06-08,1107.86,1110.87,1092.46,1092.46,279499146
2023-06-09,1095.41,1100.85,1089.37,1100.85,198818335
2023-06-12,1104.08,1109.63,1092.3,1109.63,181060346
2023-06-13,1110.95,1115.39,1108.5,1115.39,237773019
2023-06-14,1116.53,1123.86,1110.6,1110.6,230889954
2023-06-15,1110.52,1113.23,1104.6,1108.57,171386771
2023-06-16,1108.59,1125.62,1105.74,1109.06,320825564
2023-06-19,1110.01,1111.21,1098.31,1098.94,193158860
2023-06-20,1098.92,1104.27,1095.38,1104.27,145979677
2023-06-21,1104.24,1112.07,1101.27,1112.07,185915292
2023-06-22,1119.25,1122.6,1115.57,1117.6,199449924
2023-06-23,1119.02,1127.29,1117.41,1126.76,231941371
2023-06-26,1130.04,1134.11,1118.53,1131.23,238717346
2023-06-27,1134.28,1135.65,1128.2,1134.41,174390537
2023-06-28,1135.89,1143.53,1131.92,1141.12,255038796
2023-06-29,1141.81,1142.72,1125.29,1125.29,218092601
2023-06-30,1125.21,1127.28,1121.21,1123.13,158185062
2023-07-03,1127.12,1130.09,1120.63,1123.37,140291759
2023-07-04,1123.54,1128.35,1119.29,1128.0,163515255
2023-07-05,1131.15,1134.68,1128.19,1129.76,212211285
2023-07-06,1129.74,1131.54,1115.91,1119.44,224617249
2023-07-07,1118.2,1129.43,1116.02,1129.43,163682988
2023-07-10,1134.97,1143.16,1132.73,1143.16,247673070
2023-07-11,1144.35,1152.16,1143.6,1146.67,233612368
2023-07-12,1147.63,1150.88,1141.81,1146.54,223092399
2023-07-13,1152.58,1156.11,1148.71,1156.11,187722147
2023-07-14,1160.5,1162.16,1146.26,1160.59,287136643
2023-07-17,1164.52,1166.76,1160.47,1164.58,238617993
2023-07-18,1163.7,1167.81,1159.05,1166.82,221277318
2023-07-19,1169.64,1171.07,1165.19,1165.19,198763722
2023-07-20,1164.69,1168.26,1159.64,1168.26,219015883
2023-07-21,1167.74,1186.6,1166.55,1186.6,243904830
2023-07-24,1191.3,1194.04,1182.45,1193.14,265250296
2023-07-25,1195.13,1202.39,1194.89,1198.01,253439658
2023-07-26,1198.04,1201.43,1195.31,1201.43,247611029
2023-07-27,1201.11,1205.35,1192.35,1199.68,263534970
2023-07-28,1199.9,1212.45,1197.53,1212.45,251723267
2023-07-31,1224.47,1230.81,1217.02,1230.81,295015238
2023-08-01,1239.52,1240.99,1222.18,1222.18,328548728
2023-08-02,1220.7,1226.12,1216.67,1221.32,218669512
2023-08-03,1219.88,1223.94,1207.43,1210.8,264661724
2023-08-04,1211.77,1231.42,1211.77,1231.42,321102255
2023-08-07,1230.38,1250.68,1230.38,1250.68,284154202
2023-08-08,1252.05,1254.21,1243.84,1247.81,232561516
2023-08-09,1246.12,1248.52,1235.87,1239.84,249197227
2023-08-10,1241.59,1243.16,1225.0,1226.2,204603973
2023-08-11,1235.59,1240.77,1221.03,1240.77,234893187
2023-08-14,1245.06,1245.96,1234.12,1243.43,228239580
2023-08-15,1244.31,1244.62,1236.55,1241.24,186057671
2023-08-16,1240.88,1257.57,1240.88,1256.95,248386551
2023-08-17,1257.81,1259.5,1247.82,1247.82,281659977
2023-08-18,1240.54,1243.69,1187.03,1190.1,424147555
2023-08-21,1190.69,1199.6,1178.54,1190.32,259268513
2023-08-22,1192.11,1195.97,1158.6,1193.51,267091208
2023-08-23,1206.61,1207.84,1177.5,1182.97,225177948
2023-08-24,1184.28,1201.95,1180.46,1201.88,189261209
2023-08-25,1201.73,1203.52,1190.54,1193.93,186756511
2023-08-28,1200.26,1213.61,1199.02,1213.4,188028144
2023-08-29,1215.97,1217.89,1207.72,1215.47,207069271
2023-08-30,1215.62,1227.68,1214.77,1225.56,214365338
2023-08-31,1225.93,1235.71,1225.93,1234.53,195172653
2023-09-05,1241.49,1248.97,1238.6,1244.64,252786223
2023-09-06,1246.83,1260.03,1238.44,1260.03,250801663
2023-09-07,1261.35,1268.05,1251.89,1255.22,274401771
2023-09-08,1252.1,1258.33,1247.95,1249.14,228887274
2023-09-11,1251.38,1259.48,1227.4,1230.71,328204020
2023-09-12,1230.7,1255.83,1227.32,1255.83,213508993
2023-09-13,1258.04,1260.37,1241.95,1247.95,296379202
2023-09-14,1247.87,1255.75,1231.53,1234.06,288101560
2023-09-15,1235.25,1244.82,1231.77,1238.81,273278707
2023-09-18,1235.2,1236.53,1214.74,1223.7,210506347
2023-09-19,1224.26,1229.61,1212.51,1225.5,226924997
2023-09-20,1224.64,1237.21,1221.64,1234.57,192888488
2023-09-21,1234.14,1235.3,1217.78,1219.19,254204187
2023-09-22,1210.14,1210.14,1180.11,1197.69,362310325
2023-09-25,1195.36,1199.65,1159.94,1159.94,263979093
2023-09-26,1161.62,1174.24,1152.44,1153.37,242868255
2023-09-27,1154.54,1168.6,1141.09,1168.6,190557227
2023-09-28,1167.96,1168.09,1144.47,1164.45,193725935
2023-09-29,1169.26,1176.77,1165.15,1166.26,144965618
2023-10-02,1166.64,1173.06,1159.16,1167.13,119930367
2023-10-03,1156.86,1158.38,1128.54,1130.89,260368454
2023-10-04,1129.15,1146.21,1118.74,1138.54,159172209
2023-10-05,1141.22,1143.34,1124.48,1124.48,131411703
2023-10-06,1125.62,1141.93,1120.28,1139.78,137632176
2023-10-09,1139.07,1150.37,1135.67,1150.37,146688897
2023-10-10,1153.05,1163.47,1153.05,1160.28,155567862
2023-10-11,1161.87,1167.29,1154.45,1167.29,113807205
2023-10-12,1167.62,1172.14,1162.0,1165.49,142954001
2023-10-13,1158.34,1167.61,1152.58,1166.66,149266866
2023-10-16,1165.75,1168.02,1151.13,1153.21,173311248
2023-10-17,1157.63,1160.3,1141.03,1141.03,141812286
2023-10-18,1143.95,1144.89,1108.68,1125.56,233779669
2023-10-19,1126.67,1126.86,1104.89,1104.89,167054358
2023-10-20,1104.83,1125.63,1094.78,1123.69,155018429
2023-10-23,1122.73,1123.28,1099.34,1106.85,131347897
2023-10-24,1109.18,1121.39,1102.05,1117.12,111176687
2023-10-25,1117.92,1124.85,1113.28,1113.32,105667769
2023-10-26,1092.56,1094.96,1056.32,1064.95,311965987
2023-10-27,1070.98,1074.01,1050.32,1067.57,169788227
2023-10-30,1063.14,1066.38,1047.63,1047.63,130483713
2023-10-31,1049.56,1053.05,1034.12,1039.38,192430267
2023-11-01,1038.9,1051.65,1034.04,1051.65,166634386
2023-11-02,1052.14,1087.5,1052.14,1087.5,195290707
2023-11-03,1088.31,1095.71,1082.83,1086.19,204025758
2023-11-06,1094.14,1104.04,1093.62,1103.52,169880988
2023-11-07,1100.4,1101.7,1091.38,1092.71,133939557
2023-11-08,1092.51,1129.95,1086.85,1129.95,233543138
2023-11-09,1130.64,1137.05,1122.72,1122.95,232096393
2023-11-10,1113.38,1123.66,1107.51,1109.05,206019690
2023-11-13,1109.14,1114.41,1099.18,1106.72,185290465
2023-11-14,1112.37,1124.76,1109.79,1119.28,222756879
2023-11-15,1130.53,1144.88,1128.64,1131.9,271945152
2023-11-16,1128.57,1132.6,1123.29,1132.6,140348333
2023-11-17,1135.52,1137.73,1096.44,1103.53,261042642
2023-11-20,1091.66,1114.63,1085.74,1102.85,172531319
2023-11-21,1103.6,1113.69,1102.33,1108.6,128481913
2023-11-22,1109.31,1112.98,1098.21,1109.8,152453759
2023-11-23,1111.93,1114.87,1082.68,1082.68,170138762
2023-11-24,1085.26,1087.34,1068.59,1087.34,188316650
2023-11-27,1086.89,1088.03,1076.62,1078.42,127317305
2023-11-28,1078.86,1089.4,1068.24,1088.51,132961752
2023-11-29,1090.14,1097.42,1087.95,1093.16,122280001
2023-11-30,1091.44,1097.22,1081.7,1081.7,141164328
2023-12-01,1088.07,1091.17,1077.33,1090.39,123503176
2023-12-04,1094.42,1111.9,1093.85,1107.16,261994295
2023-12-05,1108.02,1109.48,1097.05,1100.42,155131809
2023-12-06,1101.65,1109.27,1100.14,1109.27,157327615
2023-12-07,1109.67,1115.24,1096.22,1111.35,299792750
2023-12-08,1111.28,1118.81,1109.67,1114.89,210047135
2023-12-11,1118.79,1120.07,1111.73,1117.34,149574408
2023-12-12,1119.26,1121.21,1114.98,1121.21,141934304
2023-12-13,1123.34,1124.71,1105.71,1106.83,190724747
2023-12-14,1111.12,1113.01,1102.67,1104.49,155447261
2023-12-15,1104.94,1107.15,1097.4,1097.4,180912226
2023-12-18,1098.77,1099.41,1082.8,1084.67,150883863
2023-12-19,1083.6,1091.87,1076.36,1091.87,147506433
2023-12-20,1092.29,1097.49,1088.63,1097.01,117102622
2023-12-21,1092.75,1097.82,1089.59,1097.43,107806129
2023-12-22,1097.23,1099.53,1093.19,1097.45,138311948
2023-12-25,1099.72,1113.73,1099.44,1111.86,136663783
2023-12-26,1112.4,1117.33,1111.11,1115.52,151865279
2023-12-27,1116.48,1120.56,1115.78,1115.94,128757872
2023-12-28,1116.66,1129.33,1115.17,1128.51,167306701
2023-12-29,1130.89,1136.02,1130.09,1131.46,179366501
2024-01-02,1137.11,1140.11,1129.78,1131.64,184210752
2024-01-03,1131.57,1144.85,1126.57,1144.85,179565525
2024-01-04,1145.72,1167.27,1144.57,1156.37,422364989
2024-01-05,1156.71,1161.53,1152.79,1161.14,229464256
2024-01-08,1164.43,1169.95,1159.73,1163.52,234279491
2024-01-09,1163.61,1164.86,1156.01,1160.21,221068483
2024-01-10,1160.5,1168.93,1158.53,1162.68,349931600
2024-01-11,1164.8,1172.49,1159.52,1163.56,258196468
2024-01-12,1161.72,1167.94,1149.61,1163.66,373055416
2024-01-15,1168.07,1172.16,1161.3,1161.3,197943680
2024-01-16,1157.85,1170.19,1155.25,1170.19,198550383
2024-01-17,1169.52,1177.01,1165.32,1166.61,220143658
2024-01-18,1168.44,1175.6,1166.29,1173.91,180032119
2024-01-19,1176.62,1185.23,1176.54,1185.23,220716840
2024-01-22,1189.98,1192.57,1183.04,1189.56,257372555
2024-01-23,1191.54,1193.19,1180.91,1183.85,200035084
2024-01-24,1182.22,1188.11,1178.53,1179.45,216756637
2024-01-25,1180.64,1180.68,1174.11,1177.52,148364955
2024-01-26,1180.02,1184.9,1180.02,1182.82,141315892
2024-01-29,1184.54,1185.62,1178.29,1179.17,150598662
2024-01-30,1178.9,1182.49,1176.91,1181.71,153300171
2024-01-31,1183.54,1185.27,1163.51,1166.33,389553400
2024-02-01,1165.05,1175.62,1164.77,1173.35,158584555
2024-02-02,1174.02,1178.85,1171.62,1174.76,220054030
2024-02-05,1176.74,1201.33,1176.3,1197.36,293815324
2024-02-06,1199.73,1203.83,1196.66,1199.17,157940883
2024-02-07,1201.39,1214.54,1201.04,1212.7,201440282
2024-02-15,1213.84,1226.09,1213.84,1217.12,288228335
2024-02-16,1221.31,1224.54,1217.46,1224.54,209278015
2024-02-19,1228.71,1240.2,1226.97,1240.2,328636110
2024-02-20,1241.93,1243.81,1235.86,1241.65,245380129
2024-02-21,1241.01,1248.23,1233.97,1242.08,305636794
2024-02-22,1242.15,1243.58,1236.29,1239.9,237896281
2024-02-23,1241.28,1256.11,1222.94,1223.09,466366539
2024-02-26,1223.83,1234.52,1220.3,1233.31,249972764
2024-02-27,1238.55,1248.24,1235.15,1247.91,337007762
2024-02-28,1252.14,1265.35,1246.63,1265.35,296665539
2024-02-29,1268.94,1276.9,1258.26,1265.75,338012860
2024-03-01,1267.31,1269.07,1258.83,1267.07,256603884
2024-03-04,1271.05,1275.36,1262.9,1268.53,288592231
2024-03-05,1269.5,1280.17,1264.84,1280.17,253425469
2024-03-06,1280.38,1288.06,1264.44,1271.07,290875372
2024-03-07,1271.63,1279.92,1266.52,1276.56,249420163
2024-03-08,1277.31,1281.52,1250.2,1250.2,420769614
2024-03-11,1250.08,1255.3,1232.97,1235.12,284702195
2024-03-12,1233.81,1244.95,1232.4,1242.23,232078065
2024-03-13,1242.24,1272.28,1242.24,1272.28,228409219
2024-03-14,1272.36,1277.29,1254.72,1260.32,258852762
2024-03-15,1258.22,1264.77,1244.01,1256.42,260823383
2024-03-18,1256.37,1258.38,1215.67,1235.74,407224475
2024-03-19,1235.48,1241.23,1229.02,1234.74,197276682
2024-03-20,1236.45,1262.31,1228.49,1259.06,295539632
2024-03-21,1267.37,1281.57,1264.28,1281.57,273365791
2024-03-22,1287.63,1295.79,1276.81,1284.14,346130381
2024-03-25,1283.64,1288.91,1266.97,1270.0,269977669
2024-03-26,1270.84,1287.89,1266.79,1286.23,210205565
2024-03-27,1288.19,1290.76,1279.68,1288.77,188560735
2024-03-28,1294.29,1306.42,1294.29,1303.2,274262664
2024-03-29,1305.41,1306.01,1294.97,1296.9,217347567
2024-04-01,1293.36,1298.59,1284.2,1292.62,228103864
2024-04-02,1283.11,1292.3,1273.16,1292.3,365573781
2024-04-03,1287.64,1290.84,1273.15,1274.27,257612203
2024-04-04,1274.22,1278.67,1267.47,1267.65,259280005
2024-04-05,1258.11,1265.65,1251.84,1257.78,258342983
2024-04-08,1257.23,1260.17,1248.24,1254.72,222261511
2024-04-09,1255.84,1266.92,1252.58,1266.92,173440696
2024-04-10,1271.37,1276.08,1263.82,1263.82,195740068
2024-04-11,1262.96,1266.71,1254.64,1262.86,169987295
2024-04-12,1263.17,1285.3,1262.41,1284.74,248493587
2024-04-15,1283.98,1287.46,1227.9,1227.9,462725474
2024-04-16,1228.32,1234.28,1209.99,1232.7,353528123
2024-04-17,1232.89,1237.08,1209.42,1210.74,234248894
2024-04-19,1207.21,1210.32,1186.51,1194.03,300084462
2024-04-22,1204.41,1214.24,1200.15,1206.64,190045823
2024-04-23,1207.76,1213.96,1191.61,1200.37,252498198
2024-04-24,1210.05,1234.87,1207.92,1232.17,215546916
2024-04-25,1235.25,1236.99,1226.76,1233.72,157774684
2024-04-26,1227.69,1245.52,1225.55,1240.5,188734337
2024-05-02,1244.15,1248.41,1239.02,1247.21,167952125
2024-05-03,1248.5,1259.83,1248.5,1255.62,208947991
2024-05-06,1262.41,1274.62,1256.67,1274.62,205652713
2024-05-07,1279.29,1285.43,1272.63,1284.85,169029442
2024-05-08,1279.2,1285.12,1269.97,1284.85,253788791
2024-05-09,1287.23,1289.92,1274.57,1281.47,194390060
2024-05-10,1284.88,1285.22,1268.91,1277.47,166064216
2024-05-13,1280.1,1281.58,1266.27,1272.53,164004436
2024-05-14,1281.65,1287.51,1276.04,1277.31,179556934
2024-05-15,1283.65,1294.71,1282.61,1289.97,225974350
2024-05-16,1300.56,1311.4,1296.77,1308.27,303395325
2024-05-17,1309.42,1312.95,1304.14,1310.15,269941977
2024-05-20,1317.61,1322.13,1312.55,1312.55,289345790
2024-05-21,1311.36,1313.19,1297.51,1308.62,232915478
2024-05-22,1307.53,1311.11,1288.47,1291.46,289102183
2024-05-23,1290.38,1304.76,1283.26,1304.76,229337631
2024-05-24,1304.74,1309.89,1272.98,1283.46,397345652
2024-05-27,1286.97,1288.75,1275.98,1284.88,194124854
2024-05-28,1291.18,1299.75,1285.83,1299.75,214495238
2024-05-29,1301.3,1302.56,1284.02,1284.02,247325302
2024-05-30,1279.32,1280.5,1263.44,1279.29,283100144
2024-05-31,1280.08,1283.3,1273.85,1275.97,164303863
2024-06-03,1285.07,1301.64,1284.95,1297.78,282355532
2024-06-04,1305.12,1306.96,1298.4,1300.99,233863454
2024-06-05,1302.07,1313.11,1299.66,1299.66,243606113
2024-06-06,1303.85,1308.43,1296.37,1302.28,270677056
2024-06-07,1303.32,1314.56,1302.53,1308.03,164173769
2024-06-10,1314.28,1319.06,1306.53,1311.1,223824060
2024-06-11,1315.48,1318.09,1301.43,1308.3,277035267
2024-06-12,1308.89,1331.81,1305.27,1331.81,297153491
2024-06-13,1331.91,1339.17,1327.79,1333.85,356920322
2024-06-14,1336.35,1338.59,1316.46,1316.46,313325426
2024-06-17,1317.64,1318.16,1305.5,1309.7,256244289
2024-06-18,1314.39,1320.8,1309.89,1309.89,226095617
2024-06-19,1313.51,1319.31,1300.67,1314.22,265123277
2024-06-20,1316.78,1326.88,1311.43,1322.36,309960560
2024-06-21,1323.77,1324.81,1316.07,1319.93,227840302
2024-06-24,1317.31,1319.51,1287.26,1289.85,364007809
2024-06-25,1290.12,1293.28,1281.89,1288.8,203047565
2024-06-26,1291.04,1294.12,1276.44,1291.3,206768835
2024-06-27,1288.88,1290.8,1282.24,1289.03,170188698
2024-06-28,1289.31,1290.97,1272.27,1278.32,234238197
2024-07-01,1278.22,1285.48,1271.2,1285.48,165196885
2024-07-02,1288.21,1300.58,1286.07,1296.06,190036901
2024-07-03,1296.08,1309.4,1296.08,1305.5,200710794
2024-07-04,1309.16,1313.01,1304.31,1310.63,170979892
2024-07-05,1310.82,1316.7,1307.98,1316.18,178867189
2024-07-08,1317.01,1319.27,1309.55,1315.83,207552317
2024-07-09,1315.35,1322.21,1309.15,1321.78,256120759
2024-07-10,1322.24,1324.91,1310.91,1310.91,211629452
2024-07-11,1315.08,1318.15,1306.22,1306.22,197288500
2024-07-12,1304.75,1312.24,1298.45,1301.81,161682312
2024-07-15,1301.83,1307.3,1294.03,1297.82,149406219
2024-07-16,1298.14,1309.75,1298.14,1303.3,202983873
2024-07-17,1308.6,1324.55,1291.5,1305.37,462719717
2024-07-18,1305.25,1308.67,1290.05,1306.38,236975609
2024-07-19,1307.75,1314.15,1296.61,1302.32,302809431
2024-07-22,1299.69,1305.96,1288.59,1299.31,271059894
2024-07-23,1301.57,1304.81,1277.39,1278.67,257460914
2024-07-24,1274.42,1284.18,1262.77,1280.51,240127473
2024-07-25,1271.75,1275.49,1265.88,1272.18,170972733
2024-07-26,1273.66,1281.84,1272.59,1281.84,141812544
2024-07-29,1287.85,1292.33,1285.04,1285.73,136049684
2024-07-30,1285.65,1289.78,1279.24,1287.82,166119556
2024-07-31,1289.45,1300.74,1288.83,1299.09,244333903
2024-08-01,1303.05,1303.86,1266.73,1272.0,291956717
2024-08-02,1269.67,1281.01,1253.68,1281.01,249884772
2024-08-05,1262.68,1264.87,1226.37,1232.11,363296062
2024-08-06,1243.81,1256.23,1232.19,1252.81,221784032
2024-08-07,1259.22,1259.39,1245.46,1253.58,220167515
2024-08-08,1247.89,1256.36,1238.41,1243.31,223330463
2024-08-09,1250.37,1265.94,1248.85,1264.84,178460997
2024-08-12,1267.05,1273.16,1259.6,1271.44,164203291
2024-08-13,1269.09,1272.21,1262.91,1268.72,165310687
2024-08-14,1272.86,1275.26,1268.69,1270.38,145861205
2024-08-15,1270.0,1272.25,1263.44,1265.32,145178667
2024-08-16,1266.95,1291.89,1266.95,1291.68,282988629
2024-08-19,1296.6,1301.88,1294.21,1299.04,183540684
2024-08-20,1300.32,1309.41,1299.86,1305.25,221894256
2024-08-21,1302.26,1318.19,1300.28,1317.69,279368449
2024-08-22,1320.79,1322.67,1315.42,1318.57,213012178
2024-08-23,1320.41,1323.9,1311.1,1321.15,182663142
2024-08-26,1323.26,1326.85,1316.17,1318.6,235792118
2024-08-27,1317.85,1324.57,1315.97,1322.28,202158302
2024-08-28,1325.77,1327.64,1320.18,1323.54,190923439
2024-08-29,1322.93,1332.27,1322.93,1326.67,217347982
2024-08-30,1328.5,1333.56,1327.61,1331.52,155237077
2024-09-04,1319.88,1321.32,1311.4,1317.71,205906074
2024-09-05,1318.31,1322.56,1306.76,1309.05,213437050
2024-09-06,1309.72,1315.63,1304.78,1315.39,184780547
2024-09-09,1310.11,1310.64,1303.04,1307.15,160991167
2024-09-10,1309.56,1312.49,1291.16,1294.06,208223857
2024-09-11,1292.14,1298.37,1285.66,1293.88,146913357
2024-09-12,1298.83,1301.83,1296.16,1297.61,146456477
2024-09-13,1297.84,1298.56,1291.82,1294.3,118541852
2024-09-16,1292.54,1298.79,1281.37,1281.37,150620193
2024-09-17,1282.84,1303.65,1281.16,1303.65,141621635
2024-09-18,1304.91,1317.7,1302.07,1310.94,233398335
2024-09-19,1315.17,1319.41,1312.28,1318.41,171833481
2024-09-20,1325.02,1336.79,1324.9,1326.0,394612767
2024-09-23,1329.93,1333.73,1320.95,1321.12,183339613
2024-09-24,1320.58,1330.87,1318.29,1330.87,210486812
2024-09-25,1337.8,1344.07,1334.06,1344.07,359663324
2024-09-26,1346.43,1359.71,1344.01,1350.85,414235571
2024-09-27,1355.13,1361.2,1346.91,1352.57,401118069
2024-09-30,1351.21,1354.91,1346.18,1352.56,268322060
2024-10-01,1355.22,1370.14,1355.22,1358.88,353836591
2024-10-02,1354.67,1361.46,1350.92,1354.51,259977920
2024-10-03,1355.78,1371.67,1345.28,1346.46,411334098
2024-10-04,1347.32,1348.23,1336.21,1336.21,238351583
2024-10-07,1342.85,1345.76,1328.45,1335.48,189850931
2024-10-08,1337.9,1344.38,1331.61,1339.05,253424661
2024-10-09,1340.56,1352.52,1338.93,1351.97,304902526
2024-10-10,1355.69,1370.15,1355.69,1360.58,295140904
2024-10-11,1361.88,1364.59,1355.07,1362.5,194357519
2024-10-14,1362.84,1373.66,1357.65,1358.76,229716291
2024-10-15,1360.5,1367.55,1353.1,1356.09,254927808
2024-10-16,1355.01,1358.07,1350.45,1354.1,174983940
2024-10-17,1357.31,1362.89,1346.14,1362.89,225931120
2024-10-18,1368.11,1372.66,1360.64,1362.69,272869247
2024-10-21,1361.28,1366.36,1358.03,1358.03,193991139
2024-10-22,1357.42,1359.4,1344.1,1348.92,292794928
2024-10-23,1348.93,1351.72,1340.13,1349.72,225546924
2024-10-24,1349.22,1351.59,1329.62,1329.62,257210203
2024-10-25,1333.77,1334.78,1322.69,1325.54,210051560
2024-10-28,1324.7,1328.57,1322.97,1328.33,144666889
2024-10-29,1328.92,1335.76,1328.92,1335.76,170426460
2024-10-30,1337.16,1338.47,1327.14,1333.85,187839369
2024-10-31,1334.1,1341.01,1328.19,1338.6,198236654
2024-11-01,1333.76,1336.08,1324.42,1325.62,210951810
2024-11-04,1325.94,1326.99,1311.03,1312.64,232321999
2024-11-05,1312.43,1317.6,1311.85,1313.35,120033257
2024-11-06,1314.11,1331.53,1314.11,1329.56,171897126
2024-11-07,1335.07,1336.29,1325.87,1326.65,139587713
2024-11-08,1331.32,1331.51,1312.83,1317.34,194404101
2024-11-11,1317.34,1318.71,1298.78,1310.46,302691524
2024-11-12,1312.55,1315.8,1297.99,1301.95,184967955
2024-11-13,1299.52,1305.42,1290.61,1304.04,197320391
2024-11-14,1300.43,1303.71,1286.52,1286.65,186348921
2024-11-15,1283.78,1284.3,1270.44,1271.22,253412855
2024-11-18,1270.71,1277.8,1255.16,1270.23,236321999
2024-11-19,1272.23,1273.49,1259.0,1259.08,169483219
2024-11-20,1258.25,1277.67,1250.67,1271.73,214170568
2024-11-21,1272.4,1286.67,1266.45,1286.67,193836315
2024-11-22,1286.98,1292.21,1284.01,1286.07,155395520
2024-11-25,1286.46,1293.3,1285.82,1291.94,139643027
2024-11-26,1292.84,1304.34,1292.27,1299.22,140988118
2024-11-27,1297.28,1303.99,1296.94,1301.06,113560866
2024-11-28,1305.79,1310.41,1298.43,1301.52,145728588
2024-11-29,1301.34,1311.67,1298.64,1311.26,136568636
2024-12-02,1315.77,1317.76,1303.51,1308.83,120881670
2024-12-03,1308.4,1312.0,1300.67,1309.18,161944668
2024-12-04,1304.74,1305.06,1297.49,1297.81,145299121
2024-12-05,1299.95,1337.55,1295.73,1337.55,275185721
2024-12-06,1337.06,1341.57,1334.35,1337.28,197227509
2024-12-09,1337.23,1343.05,1330.52,1336.18,157523361
2024-12-10,1335.95,1339.7,1332.47,1335.85,160848721
2024-12-11,1335.88,1342.7,1329.84,1336.48,181640145
2024-12-12,1336.6,1344.37,1333.45,1335.55,184357743
2024-12-13,1333.8,1334.81,1328.87,1331.58,131589707
2024-12-16,1331.95,1335.4,1325.07,1331.82,124755254
2024-12-17,1332.88,1332.96,1325.14,1327.63,101483105
2024-12-18,1328.1,1331.73,1325.91,1329.83,102135225
2024-12-19,1329.35,1329.35,1309.17,1314.16,239676624
2024-12-20,1315.86,1318.48,1313.3,1317.77,128059784
2024-12-23,1321.49,1326.0,1320.82,1323.02,109750257
2024-12-24,1323.61,1323.9,1315.01,1323.27,118990395
2024-12-25,1323.33,1350.07,1323.33,1342.48,251337849
2024-12-26,1344.14,1346.47,1339.51,1342.68,162041224
2024-12-27,1342.88,1348.83,1341.75,1346.84,216552622
2024-12-30,1344.92,1347.35,1337.86,1347.35,139274745
2024-12-31,1346.66,1346.99,1341.15,1344.75,139181336
2025-01-02,1344.76,1347.14,1334.39,1343.2,135245961
2025-01-03,1341.15,1341.3,1320.58,1320.58,169361320
2025-01-06,1320.14,1325.73,1313.04,1313.04,160285367
2025-01-07,1316.62,1322.23,1309.55,1315.28,164108312
2025-01-08,1314.09,1316.63,1306.69,1316.63,124521673
2025-01-09,1316.35,1318.87,1307.55,1310.8,107116382
2025-01-10,1310.35,1312.32,1293.23,1293.23,168827790
2025-01-13,1287.64,1298.34,1282.57,1298.34,144986288
2025-01-14,1295.79,1297.32,1285.32,1289.23,114294097
2025-01-15,1295.66,1300.37,1291.73,1297.64,117689154
2025-01-16,1303.41,1307.82,1293.19,1303.25,145711626
2025-01-17,1302.79,1313.48,1298.85,1313.48,112063234
2025-01-20,1313.26,1319.06,1311.5,1316.95,125989347
2025-01-21,1321.3,1323.27,1309.41,1314.81,127673321
2025-01-22,1317.91,1318.25,1309.72,1309.72,128079465
2025-01-23,1309.92,1339.48,1309.92,1332.54,206537687
2025-01-24,1332.2,1339.55,1330.29,1337.59,149682205
2025-02-03,1326.19,1326.19,1311.4,1315.46,184653055
2025-02-04,1320.61,1327.61,1317.42,1327.21,184527293
2025-02-05,1330.28,1334.58,1326.77,1331.35,152340206
2025-02-06,1336.42,1340.92,1333.45,1336.59,175154373
2025-02-07,1337.13,1345.26,1332.68,1340.8,194063003
2025-02-10,1336.47,1343.09,1327.15,1330.88,283969588
2025-02-11,1333.7,1338.4,1329.15,1338.4,237682494
2025-02-12,1341.47,1343.44,1335.35,1335.68,131278165
2025-02-13,1334.7,1338.33,1329.56,1337.78,139211699
2025-02-14,1339.22,1347.98,1338.0,1340.52,185769477
2025-02-17,1341.18,1342.89,1334.01,1334.01,181088302
2025-02-18,1335.56,1346.8,1332.62,1337.39,177086547
2025-02-19,1338.47,1346.67,1335.26,1344.64,173393300
2025-02-20,1348.11,1351.52,1345.43,1349.45,207915175
2025-02-21,1349.81,1355.09,1347.86,1353.73,230690091
2025-02-24,1357.3,1364.52,1352.52,1364.52,296883740
2025-02-25,1365.87,1369.32,1356.21,1360.56,270435309
2025-02-26,1362.06,1364.91,1358.79,1360.56,213402380
2025-02-27,1363.37,1364.27,1351.05,1363.62,232269512
2025-02-28,1360.55,1361.66,1351.09,1356.43,237594806
2025-03-03,1356.43,1362.8,1355.12,1361.16,261024230
2025-03-04,1357.55,1369.5,1350.11,1367.97,296617110
2025-03-05,1369.62,1379.66,1363.91,1363.91,269498214
2025-03-06,1368.13,1380.12,1367.82,1379.62,283060312
2025-03-07,1381.51,1390.98,1378.38,1389.77,328660813
2025-03-10,1394.81,1400.13,1387.23,1391.07,307626205
2025-03-11,1378.44,1393.57,1375.44,1393.57,267268434
2025-03-12,1397.4,1400.45,1387.35,1392.39,268135601
2025-03-13,1393.93,1400.6,1385.24,1387.3,348831063
2025-03-14,1387.08,1394.39,1385.2,1387.03,374746690
2025-03-17,1392.75,1397.28,1389.42,1394.9,352390462
2025-03-18,1398.44,1400.38,1388.64,1388.64,291777344
2025-03-19,1385.92,1386.57,1374.83,1377.63,363636853
2025-03-20,1382.23,1388.37,1371.98,1378.95,360187463
2025-03-21,1379.05,1381.25,1375.68,1378.27,281382199
2025-03-24,1379.27,1390.7,1372.71,1390.7,351529037
2025-03-25,1391.01,1398.29,1386.28,1388.79,303958101
2025-03-26,1390.15,1396.34,1379.39,1381.47,300611767
2025-03-27,1380.95,1384.75,1378.87,1380.26,222832515
2025-03-28,1380.2,1381.26,1369.83,1373.93,208184101
2025-03-31,1368.95,1369.07,1360.66,1363.88,270618408
2025-04-01,1369.18,1376.91,1363.6,1376.91,212343999
2025-04-02,1381.03,1384.38,1376.54,1376.94,236793252
2025-04-03,1342.46,1342.46,1282.99,1283.18,811106220
2025-04-04,1269.06,1280.52,1208.42,1280.52,867856431
2025-04-08,1241.58,1245.51,1193.47,1197.51,558266636
2025-04-09,1182.91,1220.73,1133.9,1168.68,667720931
2025-04-10,1248.92,1249.29,1248.1,1249.29,55435201
2025-04-11,1268.12,1310.02,1265.26,1309.94,743354518
2025-04-14,1318.17,1329.06,1310.63,1325.87,394180470
2025-04-15,1314.3,1329.99,1303.29,1310.76,385242095
2025-04-16,1310.07,1318.86,1288.06,1293.25,286928695
2025-04-17,1286.11,1304.47,1283.47,1303.03,278893951
2025-04-18,1313.42,1322.26,1306.24,1306.24,409781269
2025-04-21,1305.81,1310.59,1287.02,1294.29,327239496
2025-04-22,1287.55,1292.67,1216.35,1290.38,641676880
2025-04-23,1300.25,1311.72,1290.38,1303.04,347261298
2025-04-24,1306.43,1313.93,1297.21,1311.66,292080861
2025-04-25,1312.59,1318.66,1304.5,1317.18,384809487
2025-04-28,1318.09,1321.38,1305.51,1312.32,218591061
2025-04-29,1310.4,1312.88,1304.74,1309.73,222093864
2025-05-05,1315.43,1321.68,1309.43,1320.41,206957663
2025-05-06,1323.33,1331.08,1316.18,1319.66,275527967
2025-05-07,1317.66,1325.94,1316.27,1324.8,241653068
2025-05-08,1330.52,1354.08,1324.8,1351.1,324450622
2025-05-09,1355.06,1363.62,1348.13,1352.25,269928974
2025-05-12,1358.19,1374.68,1352.03,1372.04,449411114
2025-05-13,1382.14,1384.01,1370.29,1382.78,370006063
2025-05-14,1382.54,1400.1,1375.35,1397.87,431685702
2025-05-15,1398.22,1403.7,1384.67,1401.49,564154888
2025-05-16,1396.37,1404.13,1382.93,1384.44,303989673
2025-05-19,1372.87,1391.24,1371.05,1379.75,341011465
2025-05-20,1383.4,1408.56,1379.75,1407.52,368198652
2025-05-21,1429.15,1429.43,1407.52,1419.36,410891963
2025-05-22,1414.16,1432.84,1407.92,1409.56,366294937
2025-05-23,1408.99,1415.97,1400.83,1409.4,222894432
2025-05-26,1410.65,1424.01,1374.6,1423.85,332336912
2025-05-27,1428.68,1430.82,1418.76,1427.45,349862869
2025-05-28,1429.0,1436.99,1427.02,1432.19,263000447
2025-05-29,1435.61,1438.03,1424.02,1431.57,291799953
2025-05-30,1432.69,1436.22,1417.98,1423.68,324398173
2025-06-02,1421.74,1424.75,1407.73,1423.04,256373994
2025-06-03,1426.74,1442.55,1423.04,1437.87,344390035
2025-06-04,1441.0,1442.87,1429.48,1435.28,268871462
2025-06-05,1434.55,1437.28,1423.41,1432.38,208356792
2025-06-06,1427.57,1437.24,1412.69,1418.97,280481959
2025-06-09,1417.55,1418.97,1394.12,1396.56,221093654
2025-06-10,1392.34,1414.89,1381.43,1404.82,246264841
2025-06-11,1411.19,1411.95,1390.9,1405.15,167496912
2025-06-12,1412.25,1418.41,1392.5,1412.16,356731168
2025-06-13,1397.99,1419.67,1385.02,1401.2,398356869
2025-06-16,1394.58,1421.27,1382.2,1420.35,310345916
2025-06-17,1425.47,1440.59,1420.14,1431.39,268914967
2025-06-18,1432.59,1439.7,1425.74,1432.99,275317419
2025-06-19,1433.51,1442.46,1426.41,1439.3,252565952
2025-06-20,1442.13,1443.79,1423.77,1435.19,339884942
2025-06-23,1426.72,1448.54,1418.81,1448.32,241050507
2025-06-24,1460.66,1469.01,1448.32,1462.8,327790644
2025-06-25,1465.61,1470.76,1460.42,1465.36,293885782
2025-06-26,1468.64,1475.07,1458.98,1463.57,228995712
2025-06-27,1467.74,1477.89,1459.93,1475.89,281199806
2025-06-30,1479.09,1481.58,1472.16,1477.56,212317981
2025-07-01,1479.09,1483.86,1466.97,1476.16,255659150
2025-07-02,1474.35,1483.02,1468.49,1482.76,246295801
2025-07-03,1478.93,1493.99,1477.37,1481.2,423626134
2025-07-04,1484.82,1489.54,1477.29,1488.77,248573076
2025-07-07,1496.13,1509.81,1488.77,1508.66,568940738
2025-07-08,1512.72,1529.72,1508.66,1529.27,435179432
2025-07-09,1535.56,1544.67,1526.77,1543.27,594933272
2025-07-10,1550.99,1569.4,1543.27,1569.34,433761551
2025-07-11,1578.39,1601.03,1567.3,1594.01,455688650
2025-07-14,1613.34,1616.99,1580.8,1605.66,393368620
2025-07-15,1609.06,1614.13,1593.45,1593.84,442339496
2025-07-16,1592.87,1614.63,1587.92,1614.42,347232214
2025-07-17,1621.16,1641.97,1614.42,1634.7,425582315
2025-07-18,1643.34,1648.18,1625.83,1643.91,459976817
2025-07-21,1657.49,1663.16,1621.19,1628.06,488738296
2025-07-22,1626.68,1655.98,1616.16,1655.98,409854761
2025-07-23,1667.25,1669.14,1650.04,1653.01,491743817
2025-07-24,1661.92,1663.39,1637.98,1661.23,535686783
2025-07-25,1658.22,1675.26,1655.36,1669.33,427371217
2025-07-28,1676.06,1697.14,1664.85,1695.63,646730982
2025-07-29,1698.52,1702.3,1616.64,1621.29,856058246
2025-07-30,1631.18,1642.67,1606.54,1630.78,616028512
2025-07-31,1640.03,1646.75,1602.17,1615.23,643191514
2025-08-01,1618.76,1621.64,1584.98,1614.11,506721195
2025-08-04,1610.96,1653.22,1607.13,1653.22,451251955
2025-08-05,1676.2,1730.14,1653.22,1690.43,1146147784
2025-08-06,1704.06,1726.58,1690.43,1723.31,542139793
2025-08-07,1737.62,1742.12,1715.54,1734.85,644627065
2025-08-08,1739.47,1745.88,1707.9,1729.08,655356113
2025-08-11,1733.6,1748.67,1726.91,1741.9,610888455
2025-08-12,1752.13,1756.24,1737.42,1755.25,567387949
2025-08-13,1762.6,1764.18,1726.89,1753.71,724560540
2025-08-14,1767.07,1793.78,1762.92,1793.78,802120544
2025-08-15,1813.43,1827.89,1763.88,1783.25,826095412
2025-08-18,1791.84,1797.37,1774.47,1786.37,585786452
2025-08-19,1796.41,1824.81,1790.97,1810.46,752735567
2025-08-20,1817.71,1828.62,1768.9,1828.46,982136260
2025-08-21,1840.02,1881.9,1837.23,1874.91,787530293
2025-08-22,1865.15,1865.15,1794.97,1814.02,987873839
2025-08-25,1829.6,1830.92,1774.84,1783.12,714532383
2025-08-26,1783.0,1850.0,1772.39,1849.05,610788979
2025-08-27,1861.66,1877.27,1842.1,1848.55,684018941
2025-08-28,1854.31,1866.18,1831.79,1861.2,548866274
2025-08-29,1872.38,1880.06,1855.28,1865.38,679183869
2025-09-03,1861.24,1865.59,1846.08,1859.59,559117494
2025-09-04,1866.18,1883.96,1850.15,1883.59,569268982
2025-09-05,1894.71,1898.46,1838.57,1845.48,673136592
2025-09-08,1837.08,1849.12,1805.95,1807.22,815887087
2025-09-09,1814.42,1825.17,1795.82,1825.17,479572356
2025-09-10,1833.07,1834.95,1811.28,1828.63,469442434
2025-09-11,1821.9,1860.19,1785.47,1855.08,550170932
2025-09-12,1857.99,1869.45,1843.87,1865.45,441860421
2025-09-15,1868.86,1876.75,1857.47,1876.75,549006594
2025-09-16,1886.97,1893.36,1869.46,1875.39,605321457
2025-09-17,1873.11,1884.67,1864.05,1868.85,488641405
2025-09-18,1873.88,1879.52,1845.46,1861.74,398756702
2025-09-19,1867.51,1868.54,1838.21,1859.53,409711615
2025-09-22,1853.66,1857.28,1802.27,1819.6,516859940
2025-09-23,1819.82,1835.37,1808.95,1821.45,409332537
2025-09-24,1822.51,1853.48,1801.03,1853.48,509524291
2025-09-25,1856.33,1862.38,1842.7,1858.67,332937421
2025-09-26,1858.87,1865.67,1848.47,1852.65,343915894
2025-09-29,1850.48,1870.38,1843.53,1862.23,364360758
2025-09-30,1864.14,1880.9,1846.45,1863.13,417169268
2025-10-01,1866.18,1878.45,1858.5,1870.63,279386413
2025-10-02,1872.83,1891.2,1855.64,1859.8,345308760
2025-10-03,1859.6,1869.93,1848.03,1859.51,344772482
2025-10-06,1898.22,1918.97,1883.64,1918.97,561650844
2025-10-07,1929.77,1929.77,1901.02,1909.65,394701577
2025-10-08,1923.5,1933.78,1906.09,1922.95,483966427
2025-10-09,1927.31,1946.78,1920.87,1940.89,605073580
2025-10-10,1947.23,1980.57,1942.62,1980.57,492781604
2025-10-13,1968.9,2013.81,1968.9,2012.28,645803799
2025-10-14,2036.9,2055.85,2003.32,2013.69,706079034
2025-10-15,2018.01,2030.71,1999.19,2009.64,574346345
2025-10-16,2015.35,2025.76,2004.24,2022.27,491572978
2025-10-17,2029.75,2029.75,1970.27,1977.14,538009291
2025-10-20,1968.92,1972.81,1870.86,1870.86,819199287
2025-10-21,1882.66,1933.22,1862.51,1915.9,701226387
2025-10-22,1933.81,1933.81,1870.27,1930.88,444436303
2025-10-23,1935.98,1962.13,1918.7,1945.78,347808912
2025-10-24,1943.02,1954.65,1913.93,1944.6,450856889
2025-10-27,1962.09,1962.09,1900.76,1900.76,450023006
2025-10-28,1896.4,1949.28,1871.72,1949.28,416606021
2025-10-29,1951.51,1966.03,1940.0,1949.76,422743987
2025-10-30,1952.33,1954.85,1915.58,1925.18,303974239
2025-10-31,1923.62,1923.62,1881.17,1885.36,323496028
2025-11-03,1888.96,1903.21,1857.64,1857.64,410147960
2025-11-04,1860.56,1908.55,1843.43,1897.71,484341304
2025-11-05,1888.34,1896.94,1876.88,1886.47,265365316
2025-11-06,1886.48,1890.96,1866.91,1869.6,252461137
2025-11-07,1862.19,1864.91,1817.93,1824.71,408524816
2025-11-10,1826.61,1844.44,1804.18,1804.18,326914759
2025-11-11,1811.58,1832.01,1805.74,1821.6,304868081
2025-11-12,1828.51,1872.31,1823.98,1872.27,348404038
2025-11-13,1872.37,1875.17,1856.88,1864.23,275226759
2025-11-14,1858.62,1875.71,1853.6,1871.54,270514178
2025-11-17,1878.95,1894.54,1878.88,1893.54,288678061
2025-11-18,1895.84,1899.15,1881.12,1898.07,286528068
2025-11-19,1896.57,1899.45,1880.18,1886.2,326455842
2025-11-20,1890.98,1904.44,1887.12,1897.46,282915635
2025-11-21,1886.92,1902.41,1873.35,1899.89,293273104
2025-11-24,1901.96,1925.79,1901.18,1916.36,248685252
2025-11-25,1917.66,1927.15,1905.52,1909.6,406693248
2025-11-26,1916.65,1927.38,1909.93,1923.55,348831057
2025-11-27,1928.39,1935.02,1917.1,1921.18,254832512
2025-11-28,1920.09,1931.28,1911.85,1923.92,278481717
2025-12-01,1931.61,1945.5,1930.3,1933.56,276331120
2025-12-02,1934.08,1953.08,1920.23,1950.12,305990969
2025-12-03,1958.96,1983.06,1951.02,1971.99,425214917
2025-12-04,1977.15,1986.17,1965.46,1979.53,386778116
2025-12-05,1998.28,1998.28,1971.86,1975.5,288647656
2025-12-08,1990.72,1995.22,1976.95,1983.82,296930585
2025-12-09,2001.61,2001.61,1951.79,1973.02,446216945
2025-12-10,1975.63,1975.63,1941.97,1946.98,268159099
2025-12-11,1941.05,1949.77,1918.49,1924.29,232504670
2025-12-12,1928.51,1928.63,1857.8,1867.03,379982995
2025-12-15,1868.6,1889.48,1859.52,1869.84,288170591
2025-12-16,1871.37,1920.11,1850.51,1909.87,342545565
2025-12-17,1908.58,1915.85,1884.57,1897.95,275216687
2025-12-18,1897.84,1903.47,1885.01,1903.47,287942069
2025-12-19,1903.16,1937.41,1901.72,1933.28,368403005
2025-12-22,1946.0,1985.28,1939.91,1985.28,498370877
2025-12-23,2001.45,2021.36,2000.87,2012.87,365924665
2025-12-24,2024.27,2025.57,1994.66,2023.13,413548661
2025-12-25,2020.09,2049.15,1976.21,1976.21,380787865
2025-12-26,1941.78,1969.07,1914.65,1965.97,544044122
2025-12-29,1970.12,1992.03,1966.56,1990.66,315786519
2025-12-30,1994.72,2009.7,1975.19,2009.7,333689492
2025-12-31,2001.68,2031.61,2001.68,2030.63,346209625
2026-01-05,2029.88,2039.46,2007.67,2028.68,400480216
2026-01-06,2033.44,2058.9,2022.6,2055.96,464537030
2026-01-07,2068.38,2096.76,2054.45,2096.76,573391821
2026-01-08,2111.47,2121.13,2067.94,2074.03,674414850
2026-01-09,2077.25,2090.5,2051.3,2066.21,610141992
2026-01-12,2069.16,2082.02,2057.83,2080.24,700713480
2026-01-13,2075.98,2100.62,2056.3,2089.21,592280323
2026-01-14,2097.14,2097.53,2045.61,2067.1,688532780
2026-01-15,2060.9,2063.22,2021.64,2047.48,616938693
2026-01-16,2058.64,2098.66,2058.4,2080.35,476548553
2026-01-19,2104.31,2104.31,2077.61,2094.24,669817513
2026-01-20,2098.97,2112.71,2074.76,2085.61,508736528
2026-01-21,2069.82,2090.97,2060.49,2080.38,477254802
2026-01-22,2086.17,2099.52,2071.96,2082.35,429880980
2026-01-23,2092.66,2101.22,2072.68,2077.76,386506386
2026-01-26,2079.79,2080.31,2024.23,2032.28,430541980
2026-01-27,2034.0,2036.82,2010.57,2019.88,336391094
2026-01-28,2021.05,2031.76,1987.47,1997.13,526438781
2026-01-29,2003.07,2018.98,2001.01,2018.98,339081650
2026-01-30,2025.38,2032.85,2005.5,2029.81,403259443
2026-02-02,2021.25,2024.94,1971.28,2004.31,424311137
2026-02-03,2008.24,2018.35,1991.13,1997.69,439318811
2026-02-04,1998.45,1998.97,1974.34,1988.19,505118330
2026-02-05,1987.08,1992.2,1969.27,1969.27,347224406
2026-02-06,1956.66,1969.19,1942.91,1943.6,529103834
2026-02-09,1959.24,1961.86,1944.19,1947.75,304473765
2026-02-10,1951.51,1970.1,1935.9,1951.58,416407009
2026-02-11,1965.67,2005.42,1962.73,2000.9,479267475
2026-02-12,2012.76,2018.94,2008.04,2016.47,233673106
2026-02-13,2016.82,2022.65,1997.23,2018.64,272342773
2026-02-23,2026.61,2044.96,2024.19,2039.8,322618950
2026-02-24,2037.89,2050.85,2026.87,2050.85,482380651
2026-02-25,2050.31,2066.8,2044.83,2049.64,648554556
2026-02-26,2052.53,2073.31,2050.63,2069.82,450552386
2026-02-27,2071.76,2077.35,2047.5,2061.75,360272504
2026-03-02,2058.79,2058.79,2010.75,2010.75,645977339
2026-03-03,2019.38,2019.6,1954.06,1959.35,573582850
2026-03-04,1948.24,1971.38,1902.57,1956.53,631775988
2026-03-05,1977.28,1984.08,1937.9,1942.76,445485877
2026-03-06,1934.7,1935.1,1902.54,1904.19,458274351
2026-03-09,1898.91,1898.91,1773.41,1780.71,794712206
2026-03-10,1803.35,1859.21,1802.65,1836.96,696512647
2026-03-11,1840.08,1894.44,1838.38,1889.94,456023522
2026-03-12,1864.26,1879.64,1851.2,1859.8,425966275
2026-03-13,1847.51,1874.42,1839.49,1853.6,372106248
2026-03-16,1854.8,1863.8,1841.7,1852.99,346778683
2026-03-17,1869.15,1901.94,1868.63,1873.65,329329390
2026-03-18,1881.21,1901.76,1854.71,1868.84,375054999
2026-03-19,1851.7,1864.35,1835.48,1854.19,392414071
2026-03-20,1850.01,1850.01,1778.49,1797.99,414706417
2026-03-23,1778.11,1782.95,1740.29,1741.05,493156583
2026-03-24,1779.34,1784.83,1759.43,1770.16,319976263
2026-03-25,1790.95,1815.19,1787.85,1814.73,326756166
2026-03-26,1813.98,1815.49,1784.38,1791.25,285482342
2026-03-27,1791.67,1825.6,1787.02,1821.53,318345330
2026-03-30,1792.4,1824.82,1778.32,1811.92,327825080
2026-03-31,1819.84,1834.79,1818.07,1829.59,381431223
2026-04-01,1868.92,1872.8,1859.43,1861.84,406528107
2026-04-02,1864.83,1864.83,1838.81,1852.99,451321374
2026-04-03,1856.74,1868.91,1832.52,1837.43,303505426
2026-04-06,1833.61,1850.09,1828.18,1836.25,265762907
2026-04-07,1840.92,1852.58,1829.44,1840.96,233280237
2026-04-08,1875.69,1931.56,1875.69,1931.01,555810698
2026-04-09,1924.48,1933.8,1910.46,1915.01,399798806
2026-04-10,1931.83,1946.6,1923.84,1928.23,430977258
2026-04-13,1910.44,1933.96,1906.14,1925.66,346457150
2026-04-14,1946.0,1955.16,1938.06,1946.55,391100282
2026-04-15,1960.17,1964.34,1954.64,1961.6,370409885
2026-04-16,1966.13,1982.79,1958.76,1979.19,483521285
2026-04-17,1992.29,2008.98,1988.11,1988.11,323434799
2026-04-20,1992.8,2009.95,1980.83,2009.04,308506334
2026-04-21,2028.6,2042.12,2007.08,2007.08,366990591
2026-04-22,2009.76,2029.47,1990.45,2025.41,267220947
2026-04-23,2034.37,2047.68,2014.71,2024.74,429545584
2026-04-24,2027.72,2035.48,2001.22,2011.42,302782727
2026-04-28,2009.19,2045.19,2008.7,2041.4,266294801
2026-04-29,2039.26,2042.72,2010.24,2022.75,288684052
2026-05-04,2032.06,2039.83,2006.63,2014.62,293024517
2026-05-05,2012.86,2033.63,2005.7,2032.3,340362820
2026-05-06,2040.17,2057.82,2031.75,2053.41,309377553
2026-05-07,2061.77,2092.06,2060.85,2079.1,387465729
2026-05-08,2079.07,2082.8,2063.83,2074.06,371800862
2026-05-11,2072.57,2075.71,2040.51,2040.51,322391497
2026-05-12,2037.94,2054.34,2027.34,2053.97,297378107
2026-05-13,2066.09,2066.09,2025.88,2043.51,384219211
2026-05-14,2040.43,2069.4,2034.83,2068.62,322773308
2026-05-15,2070.83,2071.44,2042.97,2050.58,368371488
2026-05-18,2045.71,2052.99,2033.48,2046.37,355928832
2026-05-19,2048.54,2049.02,2022.73,2027.45,444774371
2026-05-20,2024.02,2038.02,1976.41,2028.94,553387111
2026-05-21,2038.04,2040.69,2017.22,2027.51,334087255
2026-05-22,2030.24,2030.24,1998.61,2010.93,279393809
2026-05-25,2013.96,2030.25,2013.96,2021.72,286535225
2026-05-26,2025.56,2031.05,2017.06,2027.9,306850922
2026-05-27,2033.88,2033.95,2015.72,2022.46,431992373
2026-05-28,2017.7,2028.16,1999.82,1999.82,297579129
2026-05-29,2000.62,2013.13,1993.08,1997.06,301535741
2026-06-01,2001.23,2007.43,1984.83,1989.71,205789960
2026-06-02,1990.55,2001.07,1969.58,1972.99,344574732
2026-06-03,1971.77,1991.08,1961.88,1974.6,333625461
2026-06-04,1977.21,1982.33,1965.93,1982.29,325429497
2026-06-05,1984.36,1990.8,1976.62,1986.28,261368107
2026-06-08,1966.37,1969.37,1936.2,1936.81,319237098
2026-06-09,1945.21,1957.45,1933.38,1951.92,282000416
2026-06-10,1951.94,1964.17,1947.88,1960.97,255409277
2026-06-11,1951.86,1955.49,1944.61,1947.28,174219205
2026-06-12,1964.5,1969.19,1943.05,1944.36,343395294
2026-06-15,1959.77,1967.82,1944.76,1962.48,395353853
2026-06-16,1969.48,1970.66,1958.09,1960.19,265607238
2026-06-17,1952.7,1962.96,1944.48,1957.17,349843238
2026-06-18,1968.67,1975.06,1964.99,1967.22,257815679
2026-06-19,1973.88,1974.86,1944.34,1963.57,282675968
2026-06-22,1970.53,1986.91,1964.78,1980.13,215407912
2026-06-23,1992.81,2018.15,1986.3,1995.12,559020824
2026-06-24,2005.59,2018.46,1994.64,2010.15,275340627
2026-06-25,2013.14,2015.06,1998.39,2004.62,230753501
2026-06-26,1999.69,2009.27,1989.59,2008.57,224676827
2026-06-29,2006.25,2009.73,1999.83,2004.29,259459741
2026-06-30,2003.46,2007.22,1990.47,1995.71,312451165
2026-07-01,1996.71,2016.64,1996.71,2013.35,346105354
2026-07-02,2017.34,2024.3,2006.04,2009.04,261341701
2026-07-03,2010.56,2010.65,1997.0,2002.56,230583465
2026-07-06,2010.87,2013.25,1974.63,1991.11,327998739
2026-07-07,1991.27,1995.91,1978.0,1995.91,233987241
2026-07-08,1994.02,2002.01,1984.84,1998.44,270498709
2026-07-09,1988.26,1995.0,1985.04,1987.11,226824012
2026-07-10,1986.12,1992.27,1970.75,1970.82,243070700
2026-07-13,1968.57,1968.57,1923.41,1939.84,392989272
2026-07-14,1931.31,1946.06,1913.48,1946.06,280660067
2026-07-15,1947.1,1947.1,1913.53,1916.05,247017691
2026-07-16,1907.34,1941.86,1897.1,1941.65,362416748
2026-07-17,1941.65,1942.43,1926.16,1931.65,200834292
2026-07-20,1926.29,1927.61,1877.65,1887.32,392464475
2026-07-21,1878.71,1901.03,1876.93,1881.32,455131859
2026-07-22,1885.26,1894.03,1823.79,1826.9,447688086
2026-07-23,1827.4,1854.5,1806.34,1845.32,409330562
2026-07-24,1829.7,1836.99,1818.53,1829.36,237176861
2026-07-27,1841.12,1853.37,1806.03,1806.5,243637114
2026-07-28,1794.45,1827.97,1792.15,1824.35,358621092
2026-07-29,1822.94,1849.12,1814.19,1849.12,276527381
2026-07-30,1848.98,1893.25,1842.8,1886.27,352003977
2026-07-31,1900.86,1900.86,1835.17,1872.07,312616130
2026-08-03,1880.76,1920.01,1878.33,1917.69,324310299
2026-08-04,1919.84,1927.35,1910.97,1927.35,300150410
2026-08-05,1936.59,1941.4,1910.24,1916.88,298608825
2026-08-06,1923.49,1923.49,1901.3,1902.79,249244921
2026-08-07,1901.64,1916.14,1894.06,1911.09,300964876
2026-08-10,1916.34,1933.73,1899.64,1925.18,336351795
2026-08-11,1928.29,1938.94,1916.63,1922.53,247811838
2026-08-12,1924.31,1944.59,1919.58,1936.46,228309113
2026-08-13,1939.41,1944.4,1906.38,1909.23,312988342
2026-08-14,1907.07,1908.9,1868.27,1876.81,289154455
2026-08-17,1875.43,1885.29,1868.97,1877.68,231391094
2026-08-18,1879.51,1894.83,1866.45,1876.14,244929474
2026-08-19,1876.72,1878.75,1864.16,1875.73,263163977
2026-08-20,1883.05,1896.2,1881.72,1887.06,203541056
2026-08-21,1885.84,1927.79,1877.05,1927.79,332596886
2026-08-24,1947.91,1952.13,1933.63,1942.0,282782231
2026-08-25,1944.09,1958.81,1932.33,1936.15,308512421
2026-08-26,1935.55,1970.01,1934.62,1970.01,358043254
2026-08-27,1969.75,1984.09,1967.92,1979.23,259487690
2026-08-28,1981.0,1992.15,1971.18,1982.96,314108261
2026-09-03,1971.4,1972.71,1949.93,1961.57,278367217
2026-09-04,1964.43,1989.54,1964.3,1984.89,293962537
2026-09-07,1988.56,2000.42,1963.01,1963.01,295081034
2026-09-08,1961.28,1970.4,1956.95,1968.52,202918764
2026-09-09,1973.14,1984.72,1966.06,1967.64,274108977
2026-09-10,1964.97,1982.68,1958.78,1976.82,229575935
2026-09-11,1967.8,1967.84,1936.69,1936.69,308837522
2026-09-14,1936.19,1942.79,1916.84,1928.57,336704043
2026-09-15,1936.12,1951.58,1935.94,1951.14,293576357
2026-09-16,1952.23,1955.74,1941.82,1954.29,243337050
2026-09-17,1945.19,1978.53,1942.89,1975.01,330969490
2026-09-18,1986.03,1997.37,1964.17,1964.17,476251826
2026-09-21,1978.22,1978.22,1932.61,1953.26,353309582
2026-09-22,1951.73,1968.55,1942.9,1965.36,190955050
2026-09-23,1965.94,1974.17,1961.27,1970.41,144404198
